#
# There is insufficient memory for the Java Runtime Environment to continue.
# Native memory allocation (mmap) failed to map 36700160 bytes for G1 virtual space
# Possible reasons:
#   The system is out of physical RAM or swap space
#   The process is running with CompressedOops enabled, and the Java Heap may be blocking the growth of the native heap
# Possible solutions:
#   Reduce memory load on the system
#   Increase physical memory or swap space
#   Check if swap backing store is full
#   Decrease Java heap size (-Xmx/-Xms)
#   Decrease number of Java threads
#   Decrease Java thread stack sizes (-Xss)
#   Set larger code cache with -XX:ReservedCodeCacheSize=
#   JVM is running with Zero Based Compressed Oops mode in which the Java heap is
#     placed in the first 32GB address space. The Java Heap base address is the
#     maximum limit for the native heap growth. Please use -XX:HeapBaseMinAddress
#     to set the Java Heap base and to place the Java Heap above 32GB virtual address.
# This output file may be truncated or incomplete.
#
#  Out of Memory Error (os_windows.cpp:3557), pid=39012, tid=33660
#
# JRE version: OpenJDK Runtime Environment Zulu17.40+19-CA (17.0.6+10) (build 17.0.6+10-LTS)
# Java VM: OpenJDK 64-Bit Server VM Zulu17.40+19-CA (17.0.6+10-LTS, mixed mode, sharing, tiered, compressed oops, compressed class ptrs, g1 gc, windows-amd64)
# No core dump will be written. Minidumps are not enabled by default on client versions of Windows
#

---------------  S U M M A R Y ------------

Command Line: -Daskai.devPluginRun.lock=C:\Projects\askai-java8\build\dev-plugin-runs\1788113316126\.run.lock -Daskai.local.runtime.dir=C:\Projects\askai-java8\build\local-runtime -Daskai.local.runtime.java=C:\Users\angel\.jdks\azul-21.0.1\bin\java.exe -Daskai.pluginsDir=C:\Projects\askai-java8\build\dev-plugin-runs\1788113316126 -Daskai.research.runtime.dir=C:\Projects\askai-java8\build\research-runtime -Dfile.encoding=UTF-8 -Duser.country=DE -Duser.language=de -Duser.variant com.aresstack.askai.java8.AskAiJava8App

Host: AMD Ryzen 9 3900X 12-Core Processor            , 24 cores, 31G,  Windows 11 , 64 bit Build 22621 (10.0.22621.5415)
Time: Sun Aug 30 20:09:20 2026 Mitteleuropäische Sommerzeit elapsed time: 43.338245 seconds (0d 0h 0m 43s)

---------------  T H R E A D  ---------------

Current thread (0x000001be2ffd6f00):  VMThread "VM Thread" [stack: 0x000000bd40700000,0x000000bd40800000] [id=33660]

Stack: [0x000000bd40700000,0x000000bd40800000]
Native frames: (J=compiled Java code, j=interpreted, Vv=VM code, C=native code)
V  [jvm.dll+0x67c72a]
V  [jvm.dll+0x83a2c4]
V  [jvm.dll+0x83ba6e]
V  [jvm.dll+0x83c0d3]
V  [jvm.dll+0x249415]
V  [jvm.dll+0x679659]
V  [jvm.dll+0x66dd0a]
V  [jvm.dll+0x3083eb]
V  [jvm.dll+0x30f8a6]
V  [jvm.dll+0x35fa03]
V  [jvm.dll+0x35fc1f]
V  [jvm.dll+0x2df398]
V  [jvm.dll+0x2e2416]
V  [jvm.dll+0x2eca38]
V  [jvm.dll+0x320a70]
V  [jvm.dll+0x8405ab]
V  [jvm.dll+0x8412e4]
V  [jvm.dll+0x8417fd]
V  [jvm.dll+0x841bd4]
V  [jvm.dll+0x841ca0]
V  [jvm.dll+0x7ea20a]
V  [jvm.dll+0x67b5d5]
C  [ucrtbase.dll+0x29333]
C  [KERNEL32.DLL+0x1259d]
C  [ntdll.dll+0x5af78]

VM_Operation (0x000000bd403ff6f0): G1Concurrent, mode: safepoint, requested by thread 0x000001be05414d80


---------------  P R O C E S S  ---------------

Threads class SMR info:
_java_thread_list=0x000001be3f8665d0, length=163, elements={
0x000001be2ffdd570, 0x000001be2ffe0310, 0x000001be2ffef350, 0x000001be2ffefe20,
0x000001be2fff3010, 0x000001be2fff3ef0, 0x000001be2fff91d0, 0x000001be3343d8c0,
0x000001be3345f620, 0x000001be336d6e80, 0x000001be336d5f50, 0x000001be336d6970,
0x000001be336d7db0, 0x000001be336d82c0, 0x000001be336d7390, 0x000001be336d78a0,
0x000001be336d6460, 0x000001be336d87d0, 0x000001be336d5530, 0x000001be336d5a40,
0x000001be336d8ce0, 0x000001be368a1620, 0x000001be3689eda0, 0x000001be368a0c00,
0x000001be368a1b30, 0x000001be368a2040, 0x000001be3689e890, 0x000001be3689cf40,
0x000001be3689e380, 0x000001be368a2550, 0x000001be368a2a60, 0x000001be368a2f70,
0x000001be368a06f0, 0x000001be3689c010, 0x000001be39805e50, 0x000001be398081c0,
0x000001be398086d0, 0x000001be398077a0, 0x000001be39808be0, 0x000001be39806360,
0x000001be398090f0, 0x000001be39806d80, 0x000001be39807290, 0x000001be39807cb0,
0x000001be368a3990, 0x000001be3b0258e0, 0x000001be3b025df0, 0x000001be3b024ec0,
0x000001be3b0253d0, 0x000001be3b023060, 0x000001be3b023a80, 0x000001be3b026300,
0x000001be3b027740, 0x000001be3b022b50, 0x000001be3b026810, 0x000001be3b028160,
0x000001be3b020cf0, 0x000001be3b022130, 0x000001be3b023570, 0x000001be3b026d20,
0x000001be3b027230, 0x000001be3b028670, 0x000001be3b027c50, 0x000001be3b023f90,
0x000001be3b021200, 0x000001be3b021710, 0x000001be3b021c20, 0x000001be3b0244a0,
0x000001be3b0249b0, 0x000001be3b022640, 0x000001be39809600, 0x000001be392f8a10,
0x000001be392f5770, 0x000001be392f2ef0, 0x000001be392f9940, 0x000001be392f6bb0,
0x000001be392f9e50, 0x000001be392f8f20, 0x000001be392f7ff0, 0x000001be392f7ae0,
0x000001be392f3e20, 0x000001be392f8500, 0x000001be392f9430, 0x000001be392fa360,
0x000001be392f75d0, 0x000001be392fa870, 0x000001be392f3400, 0x000001be392f3910,
0x000001be392f4840, 0x000001be392f4330, 0x000001be392f6190, 0x000001be392f4d50,
0x000001be392f5260, 0x000001be392f5c80, 0x000001be392f66a0, 0x000001be392f70c0,
0x000001be365b3830, 0x000001be365b3320, 0x000001be365aec40, 0x000001be365b5180,
0x000001be365af660, 0x000001be365b5ba0, 0x000001be365af150, 0x000001be365b4c70,
0x000001be365afb70, 0x000001be365b3d40, 0x000001be365b4250, 0x000001be365b60b0,
0x000001be365b2e10, 0x000001be365b65c0, 0x000001be365b0080, 0x000001be365b0590,
0x000001be365b4760, 0x000001be365b5690, 0x000001be365b0aa0, 0x000001be365b0fb0,
0x000001be365b14c0, 0x000001be365b19d0, 0x000001be365b1ee0, 0x000001be365b23f0,
0x000001be365b2900, 0x000001be3d23da80, 0x000001be3d23eec0, 0x000001be3d23e4a0,
0x000001be3d240300, 0x000001be3d23d060, 0x000001be3d23e9b0, 0x000001be3d23d570,
0x000001be3d23c640, 0x000001be3d23f3d0, 0x000001be3d23df90, 0x000001be3d241230,
0x000001be3d23bc20, 0x000001be3d23b710, 0x000001be3d23f8e0, 0x000001be3d23fdf0,
0x000001be3d23b200, 0x000001be3d23cb50, 0x000001be3d23c130, 0x000001be3d240810,
0x000001be3d242160, 0x000001be3d23a7e0, 0x000001be3b3b2fd0, 0x000001be3b3aee00,
0x000001be3b3af310, 0x000001be3b3b34e0, 0x000001be3b3b0750, 0x000001be3b3b20a0,
0x000001be3b3b0240, 0x000001be3b3aca90, 0x000001be3b3b1680, 0x000001be3b3b0c60,
0x000001be3b3b2ac0, 0x000001be3b3b25b0, 0x000001be3b3b39f0, 0x000001be3b3b1b90,
0x000001be3b3ad9c0, 0x000001be3b3b3f00, 0x000001be3b3b1170, 0x000001be3b3ae3e0,
0x000001be3b3ae8f0, 0x000001be3b3b4410, 0x000001be3b3afd30
}

Java Threads: ( => current thread )
  0x000001be2ffdd570 JavaThread "Reference Handler" daemon [_thread_blocked, id=20876, stack(0x000000bd40800000,0x000000bd40900000)]
  0x000001be2ffe0310 JavaThread "Finalizer" daemon [_thread_blocked, id=45040, stack(0x000000bd40900000,0x000000bd40a00000)]
  0x000001be2ffef350 JavaThread "Signal Dispatcher" daemon [_thread_blocked, id=47672, stack(0x000000bd40a00000,0x000000bd40b00000)]
  0x000001be2ffefe20 JavaThread "Attach Listener" daemon [_thread_blocked, id=46008, stack(0x000000bd40b00000,0x000000bd40c00000)]
  0x000001be2fff3010 JavaThread "Service Thread" daemon [_thread_blocked, id=12640, stack(0x000000bd40c00000,0x000000bd40d00000)]
  0x000001be2fff3ef0 JavaThread "Monitor Deflation Thread" daemon [_thread_blocked, id=45916, stack(0x000000bd40d00000,0x000000bd40e00000)]
  0x000001be2fff91d0 JavaThread "C2 CompilerThread0" daemon [_thread_blocked, id=48884, stack(0x000000bd40e00000,0x000000bd40f00000)]
  0x000001be3343d8c0 JavaThread "C1 CompilerThread0" daemon [_thread_blocked, id=47112, stack(0x000000bd40f00000,0x000000bd41000000)]
  0x000001be3345f620 JavaThread "Sweeper thread" daemon [_thread_blocked, id=47932, stack(0x000000bd41000000,0x000000bd41100000)]
  0x000001be336d6e80 JavaThread "Notification Thread" daemon [_thread_blocked, id=48288, stack(0x000000bd41400000,0x000000bd41500000)]
  0x000001be336d5f50 JavaThread "Common-Cleaner" daemon [_thread_blocked, id=29500, stack(0x000000bd41600000,0x000000bd41700000)]
  0x000001be336d6970 JavaThread "Java2D Disposer" daemon [_thread_blocked, id=30180, stack(0x000000bd41800000,0x000000bd41900000)]
  0x000001be336d7db0 JavaThread "AWT-Shutdown" [_thread_blocked, id=48024, stack(0x000000bd41900000,0x000000bd41a00000)]
  0x000001be336d82c0 JavaThread "AWT-Windows" daemon [_thread_in_native, id=45168, stack(0x000000bd41a00000,0x000000bd41b00000)]
  0x000001be336d7390 JavaThread "EventQueueMonitor-ComponentEvtDispatch" daemon [_thread_blocked, id=13020, stack(0x000000bd41b00000,0x000000bd41c00000)]
  0x000001be336d78a0 JavaThread "Thread-1" daemon [_thread_in_native, id=44440, stack(0x000000bd41c00000,0x000000bd41d00000)]
  0x000001be336d6460 JavaThread "AWT-EventQueue-0" [_thread_blocked, id=43280, stack(0x000000bd41d00000,0x000000bd41e00000)]
  0x000001be336d87d0 JavaThread "DestroyJavaVM" [_thread_blocked, id=21400, stack(0x000000bd40100000,0x000000bd40200000)]
  0x000001be336d5530 JavaThread "local-runtime-stdout" daemon [_thread_in_native, id=43308, stack(0x000000bd41f00000,0x000000bd42000000)]
  0x000001be336d5a40 JavaThread "local-runtime-stderr" daemon [_thread_in_native, id=42760, stack(0x000000bd42000000,0x000000bd42100000)]
  0x000001be336d8ce0 JavaThread "TimerQueue" daemon [_thread_blocked, id=44652, stack(0x000000bd41e00000,0x000000bd41f00000)]
  0x000001be368a1620 JavaThread "askai-virtual-ollama-1" daemon [_thread_blocked, id=4128, stack(0x000000bd43400000,0x000000bd43500000)]
  0x000001be3689eda0 JavaThread "askai-dictation-1" daemon [_thread_blocked, id=40996, stack(0x000000bd43500000,0x000000bd43600000)]
  0x000001be368a0c00 JavaThread "Timer runner-2,askai-party-da0f49affc1f9149,Angelo" [_thread_blocked, id=14772, stack(0x000000bd44000000,0x000000bd44100000)]
  0x000001be368a1b30 JavaThread "UdpDiagHandler-5,askai-party-da0f49affc1f9149,Angelo" daemon [_thread_in_native, id=45484, stack(0x000000bd44100000,0x000000bd44200000)]
  0x000001be368a2040 JavaThread "TQ-Bundler-6,askai-party-da0f49affc1f9149,Angelo" [_thread_blocked, id=42412, stack(0x000000bd44200000,0x000000bd44300000)]
  0x000001be3689e890 JavaThread "ucast-receiver-7,askai-party-da0f49affc1f9149,Angelo" [_thread_in_native, id=31448, stack(0x000000bd44300000,0x000000bd44400000)]
  0x000001be3689cf40 JavaThread "mcast-receiver-8,askai-party-da0f49affc1f9149,Angelo" [_thread_in_native, id=41684, stack(0x000000bd44400000,0x000000bd44500000)]
  0x000001be3689e380 JavaThread "FD_SOCK acceptor-9,askai-party-da0f49affc1f9149,Angelo" daemon [_thread_in_native, id=37152, stack(0x000000bd44500000,0x000000bd44600000)]
  0x000001be368a2550 JavaThread "jgroups-10,askai-party-da0f49affc1f9149,Angelo" [_thread_blocked, id=44832, stack(0x000000bd41300000,0x000000bd41400000)]
  0x000001be368a2a60 JavaThread "askai-party-sender" daemon [_thread_blocked, id=45776, stack(0x000000bd41700000,0x000000bd41800000)]
  0x000001be368a2f70 JavaThread "askai-plugin-discovery" daemon [_thread_blocked, id=34960, stack(0x000000bd44900000,0x000000bd44a00000)]
  0x000001be368a06f0 JavaThread "askai-java8-service-1" daemon [_thread_blocked, id=14476, stack(0x000000bd44a00000,0x000000bd44b00000)]
  0x000001be3689c010 JavaThread "askai-global-refresh-1" daemon [_thread_blocked, id=43064, stack(0x000000bd44d00000,0x000000bd44e00000)]
  0x000001be39805e50 JavaThread "askai-virtual-ollama-2" daemon [_thread_blocked, id=30416, stack(0x000000bd45500000,0x000000bd45600000)]
  0x000001be398081c0 JavaThread "askai-virtual-ollama-3" daemon [_thread_blocked, id=39928, stack(0x000000bd45600000,0x000000bd45700000)]
  0x000001be398086d0 JavaThread "askai-virtual-ollama-4" daemon [_thread_blocked, id=43664, stack(0x000000bd45700000,0x000000bd45800000)]
  0x000001be398077a0 JavaThread "askai-virtual-ollama-5" daemon [_thread_blocked, id=35716, stack(0x000000bd45800000,0x000000bd45900000)]
  0x000001be39808be0 JavaThread "askai-virtual-ollama-6" daemon [_thread_blocked, id=34924, stack(0x000000bd45900000,0x000000bd45a00000)]
  0x000001be39806360 JavaThread "askai-virtual-ollama-7" daemon [_thread_blocked, id=35604, stack(0x000000bd45a00000,0x000000bd45b00000)]
  0x000001be398090f0 JavaThread "askai-virtual-ollama-8" daemon [_thread_blocked, id=48996, stack(0x000000bd45b00000,0x000000bd45c00000)]
  0x000001be39806d80 JavaThread "askai-virtual-ollama-9" daemon [_thread_blocked, id=35112, stack(0x000000bd45c00000,0x000000bd45d00000)]
  0x000001be39807290 JavaThread "askai-virtual-ollama-10" daemon [_thread_blocked, id=9104, stack(0x000000bd45d00000,0x000000bd45e00000)]
  0x000001be39807cb0 JavaThread "askai-virtual-ollama-11" daemon [_thread_blocked, id=35176, stack(0x000000bd45e00000,0x000000bd45f00000)]
  0x000001be368a3990 JavaThread "askai-virtual-ollama-12" daemon [_thread_blocked, id=44088, stack(0x000000bd45f00000,0x000000bd46000000)]
  0x000001be3b0258e0 JavaThread "askai-virtual-ollama-13" daemon [_thread_blocked, id=38608, stack(0x000000bd46000000,0x000000bd46100000)]
  0x000001be3b025df0 JavaThread "askai-virtual-ollama-14" daemon [_thread_blocked, id=48292, stack(0x000000bd46100000,0x000000bd46200000)]
  0x000001be3b024ec0 JavaThread "askai-virtual-ollama-15" daemon [_thread_blocked, id=29420, stack(0x000000bd46200000,0x000000bd46300000)]
  0x000001be3b0253d0 JavaThread "askai-virtual-ollama-16" daemon [_thread_blocked, id=36216, stack(0x000000bd46300000,0x000000bd46400000)]
  0x000001be3b023060 JavaThread "askai-virtual-ollama-17" daemon [_thread_blocked, id=30204, stack(0x000000bd46400000,0x000000bd46500000)]
  0x000001be3b023a80 JavaThread "askai-virtual-ollama-18" daemon [_thread_blocked, id=8356, stack(0x000000bd46500000,0x000000bd46600000)]
  0x000001be3b026300 JavaThread "askai-virtual-ollama-19" daemon [_thread_blocked, id=47276, stack(0x000000bd45400000,0x000000bd45500000)]
  0x000001be3b027740 JavaThread "askai-virtual-ollama-20" daemon [_thread_blocked, id=34716, stack(0x000000bd46600000,0x000000bd46700000)]
  0x000001be3b022b50 JavaThread "askai-virtual-ollama-21" daemon [_thread_blocked, id=43612, stack(0x000000bd46700000,0x000000bd46800000)]
  0x000001be3b026810 JavaThread "askai-virtual-ollama-22" daemon [_thread_blocked, id=23328, stack(0x000000bd46900000,0x000000bd46a00000)]
  0x000001be3b028160 JavaThread "askai-virtual-ollama-23" daemon [_thread_blocked, id=44428, stack(0x000000bd46a00000,0x000000bd46b00000)]
  0x000001be3b020cf0 JavaThread "askai-virtual-ollama-24" daemon [_thread_blocked, id=44928, stack(0x000000bd46b00000,0x000000bd46c00000)]
  0x000001be3b022130 JavaThread "askai-virtual-ollama-25" daemon [_thread_blocked, id=46220, stack(0x000000bd46c00000,0x000000bd46d00000)]
  0x000001be3b023570 JavaThread "askai-virtual-ollama-26" daemon [_thread_blocked, id=45804, stack(0x000000bd46d00000,0x000000bd46e00000)]
  0x000001be3b026d20 JavaThread "askai-virtual-ollama-27" daemon [_thread_blocked, id=41872, stack(0x000000bd46e00000,0x000000bd46f00000)]
  0x000001be3b027230 JavaThread "askai-virtual-ollama-28" daemon [_thread_blocked, id=46036, stack(0x000000bd46f00000,0x000000bd47000000)]
  0x000001be3b028670 JavaThread "askai-virtual-ollama-29" daemon [_thread_blocked, id=12028, stack(0x000000bd47000000,0x000000bd47100000)]
  0x000001be3b027c50 JavaThread "askai-virtual-ollama-30" daemon [_thread_blocked, id=48320, stack(0x000000bd47100000,0x000000bd47200000)]
  0x000001be3b023f90 JavaThread "askai-virtual-ollama-31" daemon [_thread_blocked, id=36476, stack(0x000000bd47200000,0x000000bd47300000)]
  0x000001be3b021200 JavaThread "askai-virtual-ollama-32" daemon [_thread_blocked, id=48088, stack(0x000000bd47300000,0x000000bd47400000)]
  0x000001be3b021710 JavaThread "askai-virtual-ollama-33" daemon [_thread_blocked, id=32332, stack(0x000000bd47400000,0x000000bd47500000)]
  0x000001be3b021c20 JavaThread "askai-virtual-ollama-34" daemon [_thread_blocked, id=43188, stack(0x000000bd47500000,0x000000bd47600000)]
  0x000001be3b0244a0 JavaThread "askai-virtual-ollama-35" daemon [_thread_blocked, id=47360, stack(0x000000bd47600000,0x000000bd47700000)]
  0x000001be3b0249b0 JavaThread "askai-virtual-ollama-36" daemon [_thread_blocked, id=41300, stack(0x000000bd47700000,0x000000bd47800000)]
  0x000001be3b022640 JavaThread "askai-virtual-ollama-37" daemon [_thread_blocked, id=22520, stack(0x000000bd47800000,0x000000bd47900000)]
  0x000001be39809600 JavaThread "askai-virtual-ollama-38" daemon [_thread_blocked, id=37920, stack(0x000000bd47900000,0x000000bd47a00000)]
  0x000001be392f8a10 JavaThread "askai-virtual-ollama-39" daemon [_thread_blocked, id=23832, stack(0x000000bd47a00000,0x000000bd47b00000)]
  0x000001be392f5770 JavaThread "askai-virtual-ollama-40" daemon [_thread_blocked, id=37660, stack(0x000000bd47b00000,0x000000bd47c00000)]
  0x000001be392f2ef0 JavaThread "askai-virtual-ollama-41" daemon [_thread_blocked, id=44940, stack(0x000000bd47c00000,0x000000bd47d00000)]
  0x000001be392f9940 JavaThread "askai-virtual-ollama-42" daemon [_thread_blocked, id=47444, stack(0x000000bd47d00000,0x000000bd47e00000)]
  0x000001be392f6bb0 JavaThread "askai-virtual-ollama-43" daemon [_thread_blocked, id=43720, stack(0x000000bd47e00000,0x000000bd47f00000)]
  0x000001be392f9e50 JavaThread "askai-virtual-ollama-44" daemon [_thread_blocked, id=46988, stack(0x000000bd47f00000,0x000000bd48000000)]
  0x000001be392f8f20 JavaThread "askai-virtual-ollama-45" daemon [_thread_blocked, id=40676, stack(0x000000bd48000000,0x000000bd48100000)]
  0x000001be392f7ff0 JavaThread "askai-virtual-ollama-46" daemon [_thread_blocked, id=48108, stack(0x000000bd48100000,0x000000bd48200000)]
  0x000001be392f7ae0 JavaThread "askai-virtual-ollama-47" daemon [_thread_blocked, id=9424, stack(0x000000bd48200000,0x000000bd48300000)]
  0x000001be392f3e20 JavaThread "askai-virtual-ollama-48" daemon [_thread_blocked, id=47732, stack(0x000000bd48300000,0x000000bd48400000)]
  0x000001be392f8500 JavaThread "askai-virtual-ollama-49" daemon [_thread_blocked, id=5952, stack(0x000000bd48400000,0x000000bd48500000)]
  0x000001be392f9430 JavaThread "askai-virtual-ollama-50" daemon [_thread_blocked, id=35876, stack(0x000000bd48500000,0x000000bd48600000)]
  0x000001be392fa360 JavaThread "askai-virtual-ollama-51" daemon [_thread_blocked, id=23360, stack(0x000000bd48600000,0x000000bd48700000)]
  0x000001be392f75d0 JavaThread "askai-virtual-ollama-52" daemon [_thread_blocked, id=41940, stack(0x000000bd48700000,0x000000bd48800000)]
  0x000001be392fa870 JavaThread "askai-virtual-ollama-53" daemon [_thread_blocked, id=30364, stack(0x000000bd48800000,0x000000bd48900000)]
  0x000001be392f3400 JavaThread "askai-virtual-ollama-54" daemon [_thread_blocked, id=15584, stack(0x000000bd48900000,0x000000bd48a00000)]
  0x000001be392f3910 JavaThread "askai-virtual-ollama-55" daemon [_thread_blocked, id=33748, stack(0x000000bd48a00000,0x000000bd48b00000)]
  0x000001be392f4840 JavaThread "askai-virtual-ollama-56" daemon [_thread_blocked, id=45860, stack(0x000000bd48b00000,0x000000bd48c00000)]
  0x000001be392f4330 JavaThread "askai-virtual-ollama-57" daemon [_thread_blocked, id=46776, stack(0x000000bd48c00000,0x000000bd48d00000)]
  0x000001be392f6190 JavaThread "askai-virtual-ollama-58" daemon [_thread_blocked, id=47456, stack(0x000000bd48d00000,0x000000bd48e00000)]
  0x000001be392f4d50 JavaThread "askai-virtual-ollama-59" daemon [_thread_blocked, id=44900, stack(0x000000bd48e00000,0x000000bd48f00000)]
  0x000001be392f5260 JavaThread "askai-virtual-ollama-60" daemon [_thread_blocked, id=46144, stack(0x000000bd48f00000,0x000000bd49000000)]
  0x000001be392f5c80 JavaThread "askai-virtual-ollama-61" daemon [_thread_blocked, id=6116, stack(0x000000bd49000000,0x000000bd49100000)]
  0x000001be392f66a0 JavaThread "askai-virtual-ollama-62" daemon [_thread_blocked, id=44324, stack(0x000000bd49100000,0x000000bd49200000)]
  0x000001be392f70c0 JavaThread "askai-virtual-ollama-63" daemon [_thread_blocked, id=43668, stack(0x000000bd49200000,0x000000bd49300000)]
  0x000001be365b3830 JavaThread "askai-virtual-ollama-64" daemon [_thread_blocked, id=31836, stack(0x000000bd49300000,0x000000bd49400000)]
  0x000001be365b3320 JavaThread "askai-virtual-ollama-65" daemon [_thread_blocked, id=47184, stack(0x000000bd49400000,0x000000bd49500000)]
  0x000001be365aec40 JavaThread "askai-virtual-ollama-66" daemon [_thread_blocked, id=13364, stack(0x000000bd49500000,0x000000bd49600000)]
  0x000001be365b5180 JavaThread "askai-virtual-ollama-67" daemon [_thread_blocked, id=44312, stack(0x000000bd49600000,0x000000bd49700000)]
  0x000001be365af660 JavaThread "askai-virtual-ollama-68" daemon [_thread_blocked, id=40624, stack(0x000000bd49700000,0x000000bd49800000)]
  0x000001be365b5ba0 JavaThread "askai-virtual-ollama-69" daemon [_thread_blocked, id=37100, stack(0x000000bd49800000,0x000000bd49900000)]
  0x000001be365af150 JavaThread "askai-virtual-ollama-70" daemon [_thread_blocked, id=44236, stack(0x000000bd49900000,0x000000bd49a00000)]
  0x000001be365b4c70 JavaThread "askai-virtual-ollama-71" daemon [_thread_blocked, id=3440, stack(0x000000bd49a00000,0x000000bd49b00000)]
  0x000001be365afb70 JavaThread "askai-virtual-ollama-72" daemon [_thread_blocked, id=42020, stack(0x000000bd49b00000,0x000000bd49c00000)]
  0x000001be365b3d40 JavaThread "askai-virtual-ollama-73" daemon [_thread_blocked, id=37044, stack(0x000000bd49c00000,0x000000bd49d00000)]
  0x000001be365b4250 JavaThread "askai-virtual-ollama-74" daemon [_thread_blocked, id=29004, stack(0x000000bd49d00000,0x000000bd49e00000)]
  0x000001be365b60b0 JavaThread "askai-virtual-ollama-75" daemon [_thread_blocked, id=48944, stack(0x000000bd49e00000,0x000000bd49f00000)]
  0x000001be365b2e10 JavaThread "askai-virtual-ollama-76" daemon [_thread_blocked, id=17572, stack(0x000000bd49f00000,0x000000bd4a000000)]
  0x000001be365b65c0 JavaThread "askai-virtual-ollama-77" daemon [_thread_blocked, id=30828, stack(0x000000bd4a000000,0x000000bd4a100000)]
  0x000001be365b0080 JavaThread "askai-virtual-ollama-78" daemon [_thread_blocked, id=25372, stack(0x000000bd4a100000,0x000000bd4a200000)]
  0x000001be365b0590 JavaThread "askai-virtual-ollama-79" daemon [_thread_blocked, id=46672, stack(0x000000bd4a200000,0x000000bd4a300000)]
  0x000001be365b4760 JavaThread "askai-virtual-ollama-80" daemon [_thread_blocked, id=21920, stack(0x000000bd4a300000,0x000000bd4a400000)]
  0x000001be365b5690 JavaThread "askai-virtual-ollama-81" daemon [_thread_blocked, id=25696, stack(0x000000bd4a400000,0x000000bd4a500000)]
  0x000001be365b0aa0 JavaThread "askai-virtual-ollama-82" daemon [_thread_blocked, id=45492, stack(0x000000bd4a500000,0x000000bd4a600000)]
  0x000001be365b0fb0 JavaThread "askai-virtual-ollama-83" daemon [_thread_blocked, id=3736, stack(0x000000bd4a600000,0x000000bd4a700000)]
  0x000001be365b14c0 JavaThread "askai-virtual-ollama-84" daemon [_thread_blocked, id=40980, stack(0x000000bd4a700000,0x000000bd4a800000)]
  0x000001be365b19d0 JavaThread "askai-virtual-ollama-85" daemon [_thread_blocked, id=14908, stack(0x000000bd4a800000,0x000000bd4a900000)]
  0x000001be365b1ee0 JavaThread "askai-virtual-ollama-86" daemon [_thread_blocked, id=37016, stack(0x000000bd4a900000,0x000000bd4aa00000)]
  0x000001be365b23f0 JavaThread "askai-virtual-ollama-87" daemon [_thread_blocked, id=6156, stack(0x000000bd4aa00000,0x000000bd4ab00000)]
  0x000001be365b2900 JavaThread "askai-virtual-ollama-88" daemon [_thread_blocked, id=4672, stack(0x000000bd4ab00000,0x000000bd4ac00000)]
  0x000001be3d23da80 JavaThread "askai-virtual-ollama-89" daemon [_thread_blocked, id=48808, stack(0x000000bd4ac00000,0x000000bd4ad00000)]
  0x000001be3d23eec0 JavaThread "askai-virtual-ollama-90" daemon [_thread_blocked, id=45288, stack(0x000000bd4ad00000,0x000000bd4ae00000)]
  0x000001be3d23e4a0 JavaThread "askai-virtual-ollama-91" daemon [_thread_blocked, id=44676, stack(0x000000bd4ae00000,0x000000bd4af00000)]
  0x000001be3d240300 JavaThread "askai-virtual-ollama-92" daemon [_thread_blocked, id=47920, stack(0x000000bd4af00000,0x000000bd4b000000)]
  0x000001be3d23d060 JavaThread "askai-virtual-ollama-93" daemon [_thread_blocked, id=12296, stack(0x000000bd4b000000,0x000000bd4b100000)]
  0x000001be3d23e9b0 JavaThread "askai-virtual-ollama-94" daemon [_thread_blocked, id=44192, stack(0x000000bd4b100000,0x000000bd4b200000)]
  0x000001be3d23d570 JavaThread "askai-virtual-ollama-95" daemon [_thread_blocked, id=44784, stack(0x000000bd4b200000,0x000000bd4b300000)]
  0x000001be3d23c640 JavaThread "askai-virtual-ollama-96" daemon [_thread_blocked, id=47480, stack(0x000000bd4b300000,0x000000bd4b400000)]
  0x000001be3d23f3d0 JavaThread "askai-virtual-ollama-97" daemon [_thread_blocked, id=14248, stack(0x000000bd4b400000,0x000000bd4b500000)]
  0x000001be3d23df90 JavaThread "askai-virtual-ollama-98" daemon [_thread_blocked, id=48960, stack(0x000000bd4b500000,0x000000bd4b600000)]
  0x000001be3d241230 JavaThread "askai-virtual-ollama-99" daemon [_thread_blocked, id=42100, stack(0x000000bd4b600000,0x000000bd4b700000)]
  0x000001be3d23bc20 JavaThread "askai-virtual-ollama-100" daemon [_thread_blocked, id=35952, stack(0x000000bd4b700000,0x000000bd4b800000)]
  0x000001be3d23b710 JavaThread "askai-virtual-ollama-101" daemon [_thread_blocked, id=43192, stack(0x000000bd4b800000,0x000000bd4b900000)]
  0x000001be3d23f8e0 JavaThread "askai-virtual-ollama-102" daemon [_thread_blocked, id=43568, stack(0x000000bd4b900000,0x000000bd4ba00000)]
  0x000001be3d23fdf0 JavaThread "askai-virtual-ollama-103" daemon [_thread_blocked, id=11436, stack(0x000000bd4ba00000,0x000000bd4bb00000)]
  0x000001be3d23b200 JavaThread "askai-virtual-ollama-104" daemon [_thread_blocked, id=39920, stack(0x000000bd4bb00000,0x000000bd4bc00000)]
  0x000001be3d23cb50 JavaThread "askai-virtual-ollama-105" daemon [_thread_blocked, id=44844, stack(0x000000bd4bc00000,0x000000bd4bd00000)]
  0x000001be3d23c130 JavaThread "askai-virtual-ollama-106" daemon [_thread_blocked, id=14868, stack(0x000000bd4bd00000,0x000000bd4be00000)]
  0x000001be3d240810 JavaThread "askai-virtual-ollama-107" daemon [_thread_blocked, id=40704, stack(0x000000bd4be00000,0x000000bd4bf00000)]
  0x000001be3d242160 JavaThread "idle-timeout-task" daemon [_thread_blocked, id=41828, stack(0x000000bd4c100000,0x000000bd4c200000)]
  0x000001be3d23a7e0 JavaThread "HTTP-Dispatcher" [_thread_in_native, id=39568, stack(0x000000bd4c200000,0x000000bd4c300000)]
  0x000001be3b3b2fd0 JavaThread "idle-timeout-task" daemon [_thread_blocked, id=7456, stack(0x000000bd44c00000,0x000000bd44d00000)]
  0x000001be3b3aee00 JavaThread "HTTP-Dispatcher" [_thread_in_native, id=25252, stack(0x000000bd44f00000,0x000000bd45000000)]
  0x000001be3b3af310 JavaThread "boundedElastic-evictor-1" daemon [_thread_blocked, id=33360, stack(0x000000bd4bf00000,0x000000bd4c000000)]
  0x000001be3b3b34e0 JavaThread "boundedElastic-1" daemon [_thread_blocked, id=29624, stack(0x000000bd4c000000,0x000000bd4c100000)]
  0x000001be3b3b0750 JavaThread "boundedElastic-2" daemon [_thread_blocked, id=47900, stack(0x000000bd4c300000,0x000000bd4c400000)]
  0x000001be3b3b20a0 JavaThread "boundedElastic-3" daemon [_thread_blocked, id=41928, stack(0x000000bd4c400000,0x000000bd4c500000)]
  0x000001be3b3b0240 JavaThread "boundedElastic-4" daemon [_thread_blocked, id=29968, stack(0x000000bd4c500000,0x000000bd4c600000)]
  0x000001be3b3aca90 JavaThread "knowledge-processing-com.aresstack.askai.research#53f1f6ad-21f8-4ec0-bfba-b05fc4ca39e7" daemon [_thread_blocked, id=39996, stack(0x000000bd4c600000,0x000000bd4c700000)]
  0x000001be3b3b1680 JavaThread "knowledge-projection-com.aresstack.askai.research#53f1f6ad-21f8-4ec0-bfba-b05fc4ca39e7" daemon [_thread_blocked, id=42464, stack(0x000000bd4c700000,0x000000bd4c800000)]
  0x000001be3b3b0c60 JavaThread "acp-client-inbound" daemon [_thread_in_native, id=42812, stack(0x000000bd4c800000,0x000000bd4c900000)]
  0x000001be3b3b2ac0 JavaThread "acp-client-outbound" daemon [_thread_blocked, id=41320, stack(0x000000bd4c900000,0x000000bd4ca00000)]
  0x000001be3b3b25b0 JavaThread "acp-client-error" daemon [_thread_in_native, id=45428, stack(0x000000bd4ca00000,0x000000bd4cb00000)]
  0x000001be3b3b39f0 JavaThread "acp-timeout-a411cf66" daemon [_thread_blocked, id=42752, stack(0x000000bd4cb00000,0x000000bd4cc00000)]
  0x000001be3b3b1b90 JavaThread "jdkhttp-1" [_thread_blocked, id=21688, stack(0x000000bd41200000,0x000000bd41300000)]
  0x000001be3b3ad9c0 JavaThread "jdkhttp-2" [_thread_blocked, id=41212, stack(0x000000bd44800000,0x000000bd44900000)]
  0x000001be3b3b3f00 JavaThread "jdkhttp-3" [_thread_blocked, id=21664, stack(0x000000bd44e00000,0x000000bd44f00000)]
  0x000001be3b3b1170 JavaThread "jdkhttp-4" [_thread_blocked, id=17900, stack(0x000000bd4cc00000,0x000000bd4cd00000)]
  0x000001be3b3ae3e0 JavaThread "jdkhttp-5" [_thread_blocked, id=36612, stack(0x000000bd4cd00000,0x000000bd4ce00000)]
  0x000001be3b3ae8f0 JavaThread "acp-prompt" daemon [_thread_blocked, id=35044, stack(0x000000bd4ce00000,0x000000bd4cf00000)]
  0x000001be3b3b4410 JavaThread "acp-sync-handler" daemon [_thread_blocked, id=30392, stack(0x000000bd4cf00000,0x000000bd4d000000)]
  0x000001be3b3afd30 JavaThread "jdkhttp-6" [_thread_blocked, id=44788, stack(0x000000bd41100000,0x000000bd41200000)]

Other Threads:
=>0x000001be2ffd6f00 VMThread "VM Thread" [stack: 0x000000bd40700000,0x000000bd40800000] [id=33660]
  0x000001be2fe78010 WatcherThread [stack: 0x000000bd41500000,0x000000bd41600000] [id=48300]
  0x000001be05467e40 GCTaskThread "GC Thread#0" [stack: 0x000000bd40200000,0x000000bd40300000] [id=30608]
  0x000001be35e2c8a0 GCTaskThread "GC Thread#1" [stack: 0x000000bd42400000,0x000000bd42500000] [id=9556]
  0x000001be35ebabd0 GCTaskThread "GC Thread#2" [stack: 0x000000bd42500000,0x000000bd42600000] [id=39812]
  0x000001be35f502a0 GCTaskThread "GC Thread#3" [stack: 0x000000bd42600000,0x000000bd42700000] [id=45448]
  0x000001be35f50560 GCTaskThread "GC Thread#4" [stack: 0x000000bd42700000,0x000000bd42800000] [id=46104]
  0x000001be368e50c0 GCTaskThread "GC Thread#5" [stack: 0x000000bd42800000,0x000000bd42900000] [id=22192]
  0x000001be368e5640 GCTaskThread "GC Thread#6" [stack: 0x000000bd42900000,0x000000bd42a00000] [id=19284]
  0x000001be368e5380 GCTaskThread "GC Thread#7" [stack: 0x000000bd42a00000,0x000000bd42b00000] [id=33548]
  0x000001be368e4300 GCTaskThread "GC Thread#8" [stack: 0x000000bd42b00000,0x000000bd42c00000] [id=43760]
  0x000001be368e4b40 GCTaskThread "GC Thread#9" [stack: 0x000000bd42c00000,0x000000bd42d00000] [id=11288]
  0x000001be368e4e00 GCTaskThread "GC Thread#10" [stack: 0x000000bd42d00000,0x000000bd42e00000] [id=33148]
  0x000001be368e5900 GCTaskThread "GC Thread#11" [stack: 0x000000bd42e00000,0x000000bd42f00000] [id=44508]
  0x000001be368e4040 GCTaskThread "GC Thread#12" [stack: 0x000000bd43800000,0x000000bd43900000] [id=41472]
  0x000001be368e45c0 GCTaskThread "GC Thread#13" [stack: 0x000000bd43900000,0x000000bd43a00000] [id=4452]
  0x000001be368e4880 GCTaskThread "GC Thread#14" [stack: 0x000000bd43a00000,0x000000bd43b00000] [id=46920]
  0x000001be391fc5a0 GCTaskThread "GC Thread#15" [stack: 0x000000bd43b00000,0x000000bd43c00000] [id=38136]
  0x000001be391face0 GCTaskThread "GC Thread#16" [stack: 0x000000bd42200000,0x000000bd42300000] [id=48788]
  0x000001be391fbaa0 GCTaskThread "GC Thread#17" [stack: 0x000000bd42300000,0x000000bd42400000] [id=41364]
  0x000001be05414d80 ConcurrentGCThread "G1 Main Marker" [stack: 0x000000bd40300000,0x000000bd40400000] [id=47332]
  0x000001be05479320 ConcurrentGCThread "G1 Conc#0" [stack: 0x000000bd40400000,0x000000bd40500000] [id=45596]
  0x000001be391f9420 ConcurrentGCThread "G1 Conc#1" [stack: 0x000000bd43c00000,0x000000bd43d00000] [id=24232]
  0x000001be391faa20 ConcurrentGCThread "G1 Conc#2" [stack: 0x000000bd43d00000,0x000000bd43e00000] [id=29228]
  0x000001be391f9f20 ConcurrentGCThread "G1 Conc#3" [stack: 0x000000bd43e00000,0x000000bd43f00000] [id=45456]
  0x000001be391fc020 ConcurrentGCThread "G1 Conc#4" [stack: 0x000000bd43f00000,0x000000bd44000000] [id=15864]
  0x000001be2ff6ed50 ConcurrentGCThread "G1 Refine#0" [stack: 0x000000bd40500000,0x000000bd40600000] [id=40476]
  0x000001be37e89380 ConcurrentGCThread "G1 Refine#1" [stack: 0x000000bd42f00000,0x000000bd43000000] [id=35008]
  0x000001be36695f50 ConcurrentGCThread "G1 Refine#2" [stack: 0x000000bd43000000,0x000000bd43100000] [id=41384]
  0x000001be35e95fa0 ConcurrentGCThread "G1 Refine#3" [stack: 0x000000bd43100000,0x000000bd43200000] [id=5344]
  0x000001be387fe520 ConcurrentGCThread "G1 Refine#4" [stack: 0x000000bd46800000,0x000000bd46900000] [id=37116]
  0x000001be2ff6f690 ConcurrentGCThread "G1 Service" [stack: 0x000000bd40600000,0x000000bd40700000] [id=35164]

Threads with active compile tasks:

VM state: at safepoint (normal execution)

VM Mutex/Monitor currently owned by a thread:  ([mutex/lock_event])
[0x000001be053f0020] Threads_lock - owner thread: 0x000001be2ffd6f00
[0x000001be053ef210] Heap_lock - owner thread: 0x000001be05414d80

Heap address: 0x0000000600c00000, size: 8180 MB, Compressed Oops mode: Zero based, Oop shift amount: 3

CDS archive(s) mapped at: [0x0000000800000000-0x0000000800c00000-0x0000000800c00000), size 12582912, SharedBaseAddress: 0x0000000800000000, ArchiveRelocationMode: 0.
Compressed class space mapped at: 0x0000000800c00000-0x0000000840c00000, reserved size: 1073741824
Narrow klass base: 0x0000000800000000, Narrow klass shift: 0, Narrow klass range: 0x100000000

GC Precious Log:
 CPUs: 24 total, 24 available
 Memory: 32706M
 Large Page Support: Disabled
 NUMA Support: Disabled
 Compressed Oops: Enabled (Zero based)
 Heap Region Size: 4M
 Heap Min Capacity: 8M
 Heap Initial Capacity: 512M
 Heap Max Capacity: 8180M
 Pre-touch: Disabled
 Parallel Workers: 18
 Concurrent Workers: 5
 Concurrent Refinement Workers: 18
 Periodic GC: Disabled

Heap:
 garbage-first heap   total 6082560K, used 5579602K [0x0000000600c00000, 0x0000000800000000)
  region size 4096K, 4 young (16384K), 3 survivors (12288K)
 Metaspace       used 53196K, committed 53568K, reserved 1097728K
  class space    used 6426K, committed 6592K, reserved 1048576K

Heap Regions: E=young(eden), S=young(survivor), O=old, HS=humongous(starts), HC=humongous(continues), CS=collection set, F=free, OA=open archive, CA=closed archive, TAMS=top-at-mark-start (previous, next)
|   0|0x0000000600c00000, 0x0000000601000000, 0x0000000601000000|100%| O|  |TAMS 0x0000000601000000, 0x0000000600c00000| Untracked 
|   1|0x0000000601000000, 0x0000000601400000, 0x0000000601400000|100%| O|  |TAMS 0x0000000601400000, 0x0000000601000000| Untracked 
|   2|0x0000000601400000, 0x0000000601800000, 0x0000000601800000|100%| O|  |TAMS 0x0000000601800000, 0x0000000601400000| Updating 
|   3|0x0000000601800000, 0x0000000601bfec00, 0x0000000601c00000| 99%| O|  |TAMS 0x0000000601bfec00, 0x0000000601800000| Updating 
|   4|0x0000000601c00000, 0x0000000602000000, 0x0000000602000000|100%| O|  |TAMS 0x0000000602000000, 0x0000000601c00000| Untracked 
|   5|0x0000000602000000, 0x0000000602400000, 0x0000000602400000|100%| O|  |TAMS 0x0000000602400000, 0x0000000602000000| Updating 
|   6|0x0000000602400000, 0x0000000602800000, 0x0000000602800000|100%|HS|  |TAMS 0x0000000602800000, 0x0000000602400000| Complete 
|   7|0x0000000602800000, 0x0000000602c00000, 0x0000000602c00000|100%| O|  |TAMS 0x0000000602c00000, 0x0000000602800000| Updating 
|   8|0x0000000602c00000, 0x0000000603000000, 0x0000000603000000|100%|HS|  |TAMS 0x0000000603000000, 0x0000000602c00000| Complete 
|   9|0x0000000603000000, 0x0000000603400000, 0x0000000603400000|100%| O|  |TAMS 0x0000000603400000, 0x0000000603000000| Updating 
|  10|0x0000000603400000, 0x0000000603800000, 0x0000000603800000|100%| O|  |TAMS 0x0000000603800000, 0x0000000603400000| Updating 
|  11|0x0000000603800000, 0x0000000603c00000, 0x0000000603c00000|100%|HS|  |TAMS 0x0000000603c00000, 0x0000000603800000| Complete 
|  12|0x0000000603c00000, 0x0000000604000000, 0x0000000604000000|100%| O|  |TAMS 0x0000000604000000, 0x0000000603c00000| Untracked 
|  13|0x0000000604000000, 0x0000000604400000, 0x0000000604400000|100%| O|  |TAMS 0x0000000604400000, 0x0000000604000000| Untracked 
|  14|0x0000000604400000, 0x0000000604800000, 0x0000000604800000|100%| O|  |TAMS 0x0000000604800000, 0x0000000604400000| Untracked 
|  15|0x0000000604800000, 0x0000000604c00000, 0x0000000604c00000|100%|HS|  |TAMS 0x0000000604c00000, 0x0000000604800000| Complete 
|  16|0x0000000604c00000, 0x0000000605000000, 0x0000000605000000|100%| O|  |TAMS 0x0000000605000000, 0x0000000604c00000| Updating 
|  17|0x0000000605000000, 0x0000000605400000, 0x0000000605400000|100%|HS|  |TAMS 0x0000000605400000, 0x0000000605000000| Complete 
|  18|0x0000000605400000, 0x0000000605800000, 0x0000000605800000|100%|HS|  |TAMS 0x0000000605800000, 0x0000000605400000| Complete 
|  19|0x0000000605800000, 0x0000000605c00000, 0x0000000605c00000|100%|HC|  |TAMS 0x0000000605c00000, 0x0000000605800000| Complete 
|  20|0x0000000605c00000, 0x0000000606000000, 0x0000000606000000|100%|HS|  |TAMS 0x0000000606000000, 0x0000000605c00000| Complete 
|  21|0x0000000606000000, 0x0000000606400000, 0x0000000606400000|100%|HC|  |TAMS 0x0000000606400000, 0x0000000606000000| Complete 
|  22|0x0000000606400000, 0x0000000606800000, 0x0000000606800000|100%|HC|  |TAMS 0x0000000606800000, 0x0000000606400000| Complete 
|  23|0x0000000606800000, 0x0000000606c00000, 0x0000000606c00000|100%|HS|  |TAMS 0x0000000606c00000, 0x0000000606800000| Complete 
|  24|0x0000000606c00000, 0x0000000607000000, 0x0000000607000000|100%|HC|  |TAMS 0x0000000607000000, 0x0000000606c00000| Complete 
|  25|0x0000000607000000, 0x0000000607400000, 0x0000000607400000|100%|HC|  |TAMS 0x0000000607400000, 0x0000000607000000| Complete 
|  26|0x0000000607400000, 0x0000000607800000, 0x0000000607800000|100%|HS|  |TAMS 0x0000000607800000, 0x0000000607400000| Complete 
|  27|0x0000000607800000, 0x0000000607c00000, 0x0000000607c00000|100%|HC|  |TAMS 0x0000000607c00000, 0x0000000607800000| Complete 
|  28|0x0000000607c00000, 0x0000000608000000, 0x0000000608000000|100%|HC|  |TAMS 0x0000000608000000, 0x0000000607c00000| Complete 
|  29|0x0000000608000000, 0x0000000608400000, 0x0000000608400000|100%|HC|  |TAMS 0x0000000608400000, 0x0000000608000000| Complete 
|  30|0x0000000608400000, 0x0000000608800000, 0x0000000608800000|100%|HC|  |TAMS 0x0000000608800000, 0x0000000608400000| Complete 
|  31|0x0000000608800000, 0x0000000608c00000, 0x0000000608c00000|100%|HS|  |TAMS 0x0000000608c00000, 0x0000000608800000| Complete 
|  32|0x0000000608c00000, 0x0000000609000000, 0x0000000609000000|100%|HS|  |TAMS 0x0000000609000000, 0x0000000608c00000| Complete 
|  33|0x0000000609000000, 0x0000000609400000, 0x0000000609400000|100%|HC|  |TAMS 0x0000000609400000, 0x0000000609000000| Complete 
|  34|0x0000000609400000, 0x0000000609800000, 0x0000000609800000|100%|HS|  |TAMS 0x0000000609800000, 0x0000000609400000| Complete 
|  35|0x0000000609800000, 0x0000000609c00000, 0x0000000609c00000|100%|HC|  |TAMS 0x0000000609c00000, 0x0000000609800000| Complete 
|  36|0x0000000609c00000, 0x000000060a000000, 0x000000060a000000|100%|HS|  |TAMS 0x000000060a000000, 0x0000000609c00000| Complete 
|  37|0x000000060a000000, 0x000000060a400000, 0x000000060a400000|100%|HC|  |TAMS 0x000000060a400000, 0x000000060a000000| Complete 
|  38|0x000000060a400000, 0x000000060a800000, 0x000000060a800000|100%|HS|  |TAMS 0x000000060a800000, 0x000000060a400000| Complete 
|  39|0x000000060a800000, 0x000000060ac00000, 0x000000060ac00000|100%|HC|  |TAMS 0x000000060ac00000, 0x000000060a800000| Complete 
|  40|0x000000060ac00000, 0x000000060b000000, 0x000000060b000000|100%|HS|  |TAMS 0x000000060b000000, 0x000000060ac00000| Complete 
|  41|0x000000060b000000, 0x000000060b400000, 0x000000060b400000|100%|HS|  |TAMS 0x000000060b400000, 0x000000060b000000| Complete 
|  42|0x000000060b400000, 0x000000060b800000, 0x000000060b800000|100%|HS|  |TAMS 0x000000060b800000, 0x000000060b400000| Complete 
|  43|0x000000060b800000, 0x000000060bc00000, 0x000000060bc00000|100%| O|  |TAMS 0x000000060bc00000, 0x000000060b800000| Untracked 
|  44|0x000000060bc00000, 0x000000060c000000, 0x000000060c000000|100%|HS|  |TAMS 0x000000060c000000, 0x000000060bc00000| Complete 
|  45|0x000000060c000000, 0x000000060c400000, 0x000000060c400000|100%|HS|  |TAMS 0x000000060c400000, 0x000000060c000000| Complete 
|  46|0x000000060c400000, 0x000000060c800000, 0x000000060c800000|100%|HS|  |TAMS 0x000000060c800000, 0x000000060c400000| Complete 
|  47|0x000000060c800000, 0x000000060cc00000, 0x000000060cc00000|100%|HS|  |TAMS 0x000000060cc00000, 0x000000060c800000| Complete 
|  48|0x000000060cc00000, 0x000000060d000000, 0x000000060d000000|100%|HC|  |TAMS 0x000000060d000000, 0x000000060cc00000| Complete 
|  49|0x000000060d000000, 0x000000060d400000, 0x000000060d400000|100%|HC|  |TAMS 0x000000060d400000, 0x000000060d000000| Complete 
|  50|0x000000060d400000, 0x000000060d800000, 0x000000060d800000|100%|HS|  |TAMS 0x000000060d800000, 0x000000060d400000| Complete 
|  51|0x000000060d800000, 0x000000060dc00000, 0x000000060dc00000|100%|HC|  |TAMS 0x000000060dc00000, 0x000000060d800000| Complete 
|  52|0x000000060dc00000, 0x000000060e000000, 0x000000060e000000|100%|HC|  |TAMS 0x000000060e000000, 0x000000060dc00000| Complete 
|  53|0x000000060e000000, 0x000000060e400000, 0x000000060e400000|100%| O|  |TAMS 0x000000060e400000, 0x000000060e000000| Untracked 
|  54|0x000000060e400000, 0x000000060e800000, 0x000000060e800000|100%| O|  |TAMS 0x000000060e800000, 0x000000060e400000| Untracked 
|  55|0x000000060e800000, 0x000000060ec00000, 0x000000060ec00000|100%| O|  |TAMS 0x000000060ec00000, 0x000000060e800000| Untracked 
|  56|0x000000060ec00000, 0x000000060f000000, 0x000000060f000000|100%| O|  |TAMS 0x000000060f000000, 0x000000060ec00000| Untracked 
|  57|0x000000060f000000, 0x000000060f400000, 0x000000060f400000|100%|HS|  |TAMS 0x000000060f400000, 0x000000060f000000| Complete 
|  58|0x000000060f400000, 0x000000060f800000, 0x000000060f800000|100%|HC|  |TAMS 0x000000060f800000, 0x000000060f400000| Complete 
|  59|0x000000060f800000, 0x000000060fc00000, 0x000000060fc00000|100%|HC|  |TAMS 0x000000060fc00000, 0x000000060f800000| Complete 
|  60|0x000000060fc00000, 0x0000000610000000, 0x0000000610000000|100%|HC|  |TAMS 0x0000000610000000, 0x000000060fc00000| Complete 
|  61|0x0000000610000000, 0x0000000610400000, 0x0000000610400000|100%|HC|  |TAMS 0x0000000610400000, 0x0000000610000000| Complete 
|  62|0x0000000610400000, 0x0000000610800000, 0x0000000610800000|100%|HS|  |TAMS 0x0000000610800000, 0x0000000610400000| Complete 
|  63|0x0000000610800000, 0x0000000610c00000, 0x0000000610c00000|100%|HC|  |TAMS 0x0000000610c00000, 0x0000000610800000| Complete 
|  64|0x0000000610c00000, 0x0000000611000000, 0x0000000611000000|100%|HS|  |TAMS 0x0000000611000000, 0x0000000610c00000| Complete 
|  65|0x0000000611000000, 0x0000000611400000, 0x0000000611400000|100%|HC|  |TAMS 0x0000000611400000, 0x0000000611000000| Complete 
|  66|0x0000000611400000, 0x0000000611800000, 0x0000000611800000|100%|HC|  |TAMS 0x0000000611800000, 0x0000000611400000| Complete 
|  67|0x0000000611800000, 0x0000000611c00000, 0x0000000611c00000|100%|HC|  |TAMS 0x0000000611c00000, 0x0000000611800000| Complete 
|  68|0x0000000611c00000, 0x0000000612000000, 0x0000000612000000|100%|HC|  |TAMS 0x0000000612000000, 0x0000000611c00000| Complete 
|  69|0x0000000612000000, 0x0000000612400000, 0x0000000612400000|100%|HC|  |TAMS 0x0000000612400000, 0x0000000612000000| Complete 
|  70|0x0000000612400000, 0x0000000612800000, 0x0000000612800000|100%|HC|  |TAMS 0x0000000612800000, 0x0000000612400000| Complete 
|  71|0x0000000612800000, 0x0000000612c00000, 0x0000000612c00000|100%|HC|  |TAMS 0x0000000612c00000, 0x0000000612800000| Complete 
|  72|0x0000000612c00000, 0x0000000613000000, 0x0000000613000000|100%|HC|  |TAMS 0x0000000613000000, 0x0000000612c00000| Complete 
|  73|0x0000000613000000, 0x0000000613400000, 0x0000000613400000|100%|HC|  |TAMS 0x0000000613400000, 0x0000000613000000| Complete 
|  74|0x0000000613400000, 0x0000000613800000, 0x0000000613800000|100%|HS|  |TAMS 0x0000000613800000, 0x0000000613400000| Complete 
|  75|0x0000000613800000, 0x0000000613c00000, 0x0000000613c00000|100%|HC|  |TAMS 0x0000000613c00000, 0x0000000613800000| Complete 
|  76|0x0000000613c00000, 0x0000000614000000, 0x0000000614000000|100%|HS|  |TAMS 0x0000000614000000, 0x0000000613c00000| Complete 
|  77|0x0000000614000000, 0x0000000614400000, 0x0000000614400000|100%|HS|  |TAMS 0x0000000614400000, 0x0000000614000000| Complete 
|  78|0x0000000614400000, 0x0000000614800000, 0x0000000614800000|100%|HC|  |TAMS 0x0000000614800000, 0x0000000614400000| Complete 
|  79|0x0000000614800000, 0x0000000614c00000, 0x0000000614c00000|100%|HS|  |TAMS 0x0000000614c00000, 0x0000000614800000| Complete 
|  80|0x0000000614c00000, 0x0000000615000000, 0x0000000615000000|100%|HC|  |TAMS 0x0000000615000000, 0x0000000614c00000| Complete 
|  81|0x0000000615000000, 0x0000000615400000, 0x0000000615400000|100%|HS|  |TAMS 0x0000000615400000, 0x0000000615000000| Complete 
|  82|0x0000000615400000, 0x0000000615800000, 0x0000000615800000|100%|HC|  |TAMS 0x0000000615800000, 0x0000000615400000| Complete 
|  83|0x0000000615800000, 0x0000000615c00000, 0x0000000615c00000|100%|HS|  |TAMS 0x0000000615c00000, 0x0000000615800000| Complete 
|  84|0x0000000615c00000, 0x0000000616000000, 0x0000000616000000|100%|HC|  |TAMS 0x0000000616000000, 0x0000000615c00000| Complete 
|  85|0x0000000616000000, 0x0000000616400000, 0x0000000616400000|100%|HC|  |TAMS 0x0000000616400000, 0x0000000616000000| Complete 
|  86|0x0000000616400000, 0x0000000616800000, 0x0000000616800000|100%|HS|  |TAMS 0x0000000616800000, 0x0000000616400000| Complete 
|  87|0x0000000616800000, 0x0000000616c00000, 0x0000000616c00000|100%|HC|  |TAMS 0x0000000616c00000, 0x0000000616800000| Complete 
|  88|0x0000000616c00000, 0x0000000617000000, 0x0000000617000000|100%|HS|  |TAMS 0x0000000617000000, 0x0000000616c00000| Complete 
|  89|0x0000000617000000, 0x0000000617400000, 0x0000000617400000|100%|HC|  |TAMS 0x0000000617400000, 0x0000000617000000| Complete 
|  90|0x0000000617400000, 0x0000000617800000, 0x0000000617800000|100%|HC|  |TAMS 0x0000000617800000, 0x0000000617400000| Complete 
|  91|0x0000000617800000, 0x0000000617c00000, 0x0000000617c00000|100%|HC|  |TAMS 0x0000000617c00000, 0x0000000617800000| Complete 
|  92|0x0000000617c00000, 0x0000000618000000, 0x0000000618000000|100%|HS|  |TAMS 0x0000000618000000, 0x0000000617c00000| Complete 
|  93|0x0000000618000000, 0x0000000618400000, 0x0000000618400000|100%|HC|  |TAMS 0x0000000618400000, 0x0000000618000000| Complete 
|  94|0x0000000618400000, 0x0000000618800000, 0x0000000618800000|100%|HC|  |TAMS 0x0000000618800000, 0x0000000618400000| Complete 
|  95|0x0000000618800000, 0x0000000618c00000, 0x0000000618c00000|100%|HC|  |TAMS 0x0000000618c00000, 0x0000000618800000| Complete 
|  96|0x0000000618c00000, 0x0000000619000000, 0x0000000619000000|100%|HS|  |TAMS 0x0000000619000000, 0x0000000618c00000| Complete 
|  97|0x0000000619000000, 0x0000000619400000, 0x0000000619400000|100%|HS|  |TAMS 0x0000000619400000, 0x0000000619000000| Complete 
|  98|0x0000000619400000, 0x0000000619800000, 0x0000000619800000|100%|HS|  |TAMS 0x0000000619800000, 0x0000000619400000| Complete 
|  99|0x0000000619800000, 0x0000000619c00000, 0x0000000619c00000|100%|HC|  |TAMS 0x0000000619c00000, 0x0000000619800000| Complete 
| 100|0x0000000619c00000, 0x000000061a000000, 0x000000061a000000|100%|HC|  |TAMS 0x000000061a000000, 0x0000000619c00000| Complete 
| 101|0x000000061a000000, 0x000000061a400000, 0x000000061a400000|100%|HC|  |TAMS 0x000000061a400000, 0x000000061a000000| Complete 
| 102|0x000000061a400000, 0x000000061a800000, 0x000000061a800000|100%|HS|  |TAMS 0x000000061a800000, 0x000000061a400000| Complete 
| 103|0x000000061a800000, 0x000000061ac00000, 0x000000061ac00000|100%|HS|  |TAMS 0x000000061ac00000, 0x000000061a800000| Complete 
| 104|0x000000061ac00000, 0x000000061b000000, 0x000000061b000000|100%|HS|  |TAMS 0x000000061b000000, 0x000000061ac00000| Complete 
| 105|0x000000061b000000, 0x000000061b400000, 0x000000061b400000|100%|HS|  |TAMS 0x000000061b400000, 0x000000061b000000| Complete 
| 106|0x000000061b400000, 0x000000061b800000, 0x000000061b800000|100%|HS|  |TAMS 0x000000061b800000, 0x000000061b400000| Complete 
| 107|0x000000061b800000, 0x000000061bc00000, 0x000000061bc00000|100%|HC|  |TAMS 0x000000061bc00000, 0x000000061b800000| Complete 
| 108|0x000000061bc00000, 0x000000061c000000, 0x000000061c000000|100%|HC|  |TAMS 0x000000061c000000, 0x000000061bc00000| Complete 
| 109|0x000000061c000000, 0x000000061c400000, 0x000000061c400000|100%|HC|  |TAMS 0x000000061c400000, 0x000000061c000000| Complete 
| 110|0x000000061c400000, 0x000000061c800000, 0x000000061c800000|100%|HS|  |TAMS 0x000000061c800000, 0x000000061c400000| Complete 
| 111|0x000000061c800000, 0x000000061cc00000, 0x000000061cc00000|100%|HC|  |TAMS 0x000000061cc00000, 0x000000061c800000| Complete 
| 112|0x000000061cc00000, 0x000000061d000000, 0x000000061d000000|100%|HS|  |TAMS 0x000000061d000000, 0x000000061cc00000| Complete 
| 113|0x000000061d000000, 0x000000061d400000, 0x000000061d400000|100%|HC|  |TAMS 0x000000061d400000, 0x000000061d000000| Complete 
| 114|0x000000061d400000, 0x000000061d800000, 0x000000061d800000|100%|HC|  |TAMS 0x000000061d800000, 0x000000061d400000| Complete 
| 115|0x000000061d800000, 0x000000061dc00000, 0x000000061dc00000|100%|HC|  |TAMS 0x000000061dc00000, 0x000000061d800000| Complete 
| 116|0x000000061dc00000, 0x000000061e000000, 0x000000061e000000|100%|HS|  |TAMS 0x000000061e000000, 0x000000061dc00000| Complete 
| 117|0x000000061e000000, 0x000000061e400000, 0x000000061e400000|100%|HC|  |TAMS 0x000000061e400000, 0x000000061e000000| Complete 
| 118|0x000000061e400000, 0x000000061e800000, 0x000000061e800000|100%|HC|  |TAMS 0x000000061e800000, 0x000000061e400000| Complete 
| 119|0x000000061e800000, 0x000000061ec00000, 0x000000061ec00000|100%|HC|  |TAMS 0x000000061ec00000, 0x000000061e800000| Complete 
| 120|0x000000061ec00000, 0x000000061f000000, 0x000000061f000000|100%|HC|  |TAMS 0x000000061f000000, 0x000000061ec00000| Complete 
| 121|0x000000061f000000, 0x000000061f400000, 0x000000061f400000|100%|HS|  |TAMS 0x000000061f400000, 0x000000061f000000| Complete 
| 122|0x000000061f400000, 0x000000061f800000, 0x000000061f800000|100%|HC|  |TAMS 0x000000061f800000, 0x000000061f400000| Complete 
| 123|0x000000061f800000, 0x000000061fc00000, 0x000000061fc00000|100%|HC|  |TAMS 0x000000061fc00000, 0x000000061f800000| Complete 
| 124|0x000000061fc00000, 0x0000000620000000, 0x0000000620000000|100%|HC|  |TAMS 0x0000000620000000, 0x000000061fc00000| Complete 
| 125|0x0000000620000000, 0x0000000620400000, 0x0000000620400000|100%|HC|  |TAMS 0x0000000620400000, 0x0000000620000000| Complete 
| 126|0x0000000620400000, 0x0000000620800000, 0x0000000620800000|100%|HS|  |TAMS 0x0000000620800000, 0x0000000620400000| Complete 
| 127|0x0000000620800000, 0x0000000620c00000, 0x0000000620c00000|100%|HC|  |TAMS 0x0000000620c00000, 0x0000000620800000| Complete 
| 128|0x0000000620c00000, 0x0000000621000000, 0x0000000621000000|100%|HC|  |TAMS 0x0000000621000000, 0x0000000620c00000| Complete 
| 129|0x0000000621000000, 0x0000000621400000, 0x0000000621400000|100%|HC|  |TAMS 0x0000000621400000, 0x0000000621000000| Complete 
| 130|0x0000000621400000, 0x0000000621800000, 0x0000000621800000|100%|HS|  |TAMS 0x0000000621800000, 0x0000000621400000| Complete 
| 131|0x0000000621800000, 0x0000000621c00000, 0x0000000621c00000|100%|HC|  |TAMS 0x0000000621c00000, 0x0000000621800000| Complete 
| 132|0x0000000621c00000, 0x0000000622000000, 0x0000000622000000|100%|HC|  |TAMS 0x0000000622000000, 0x0000000621c00000| Complete 
| 133|0x0000000622000000, 0x0000000622400000, 0x0000000622400000|100%|HC|  |TAMS 0x0000000622400000, 0x0000000622000000| Complete 
| 134|0x0000000622400000, 0x0000000622800000, 0x0000000622800000|100%|HC|  |TAMS 0x0000000622800000, 0x0000000622400000| Complete 
| 135|0x0000000622800000, 0x0000000622c00000, 0x0000000622c00000|100%|HS|  |TAMS 0x0000000622c00000, 0x0000000622800000| Complete 
| 136|0x0000000622c00000, 0x0000000623000000, 0x0000000623000000|100%|HC|  |TAMS 0x0000000623000000, 0x0000000622c00000| Complete 
| 137|0x0000000623000000, 0x0000000623400000, 0x0000000623400000|100%|HS|  |TAMS 0x0000000623400000, 0x0000000623000000| Complete 
| 138|0x0000000623400000, 0x0000000623800000, 0x0000000623800000|100%|HC|  |TAMS 0x0000000623800000, 0x0000000623400000| Complete 
| 139|0x0000000623800000, 0x0000000623800000, 0x0000000623c00000|  0%| F|  |TAMS 0x0000000623800000, 0x0000000623800000| Untracked 
| 140|0x0000000623c00000, 0x0000000623c00000, 0x0000000624000000|  0%| F|  |TAMS 0x0000000623c00000, 0x0000000623c00000| Untracked 
| 141|0x0000000624000000, 0x0000000624000000, 0x0000000624400000|  0%| F|  |TAMS 0x0000000624000000, 0x0000000624000000| Untracked 
| 142|0x0000000624400000, 0x0000000624400000, 0x0000000624800000|  0%| F|  |TAMS 0x0000000624400000, 0x0000000624400000| Untracked 
| 143|0x0000000624800000, 0x0000000624800000, 0x0000000624c00000|  0%| F|  |TAMS 0x0000000624800000, 0x0000000624800000| Untracked 
| 144|0x0000000624c00000, 0x0000000624c00000, 0x0000000625000000|  0%| F|  |TAMS 0x0000000624c00000, 0x0000000624c00000| Untracked 
| 145|0x0000000625000000, 0x0000000625000000, 0x0000000625400000|  0%| F|  |TAMS 0x0000000625000000, 0x0000000625000000| Untracked 
| 146|0x0000000625400000, 0x0000000625400000, 0x0000000625800000|  0%| F|  |TAMS 0x0000000625400000, 0x0000000625400000| Untracked 
| 147|0x0000000625800000, 0x0000000625800000, 0x0000000625c00000|  0%| F|  |TAMS 0x0000000625800000, 0x0000000625800000| Untracked 
| 148|0x0000000625c00000, 0x0000000626000000, 0x0000000626000000|100%|HS|  |TAMS 0x0000000626000000, 0x0000000625c00000| Complete 
| 149|0x0000000626000000, 0x0000000626400000, 0x0000000626400000|100%|HS|  |TAMS 0x0000000626400000, 0x0000000626000000| Complete 
| 150|0x0000000626400000, 0x0000000626800000, 0x0000000626800000|100%|HC|  |TAMS 0x0000000626800000, 0x0000000626400000| Complete 
| 151|0x0000000626800000, 0x0000000626c00000, 0x0000000626c00000|100%|HC|  |TAMS 0x0000000626c00000, 0x0000000626800000| Complete 
| 152|0x0000000626c00000, 0x0000000627000000, 0x0000000627000000|100%|HS|  |TAMS 0x0000000627000000, 0x0000000626c00000| Complete 
| 153|0x0000000627000000, 0x0000000627400000, 0x0000000627400000|100%|HC|  |TAMS 0x0000000627400000, 0x0000000627000000| Complete 
| 154|0x0000000627400000, 0x0000000627800000, 0x0000000627800000|100%|HS|  |TAMS 0x0000000627800000, 0x0000000627400000| Complete 
| 155|0x0000000627800000, 0x0000000627c00000, 0x0000000627c00000|100%|HC|  |TAMS 0x0000000627c00000, 0x0000000627800000| Complete 
| 156|0x0000000627c00000, 0x0000000628000000, 0x0000000628000000|100%|HS|  |TAMS 0x0000000628000000, 0x0000000627c00000| Complete 
| 157|0x0000000628000000, 0x0000000628400000, 0x0000000628400000|100%|HS|  |TAMS 0x0000000628400000, 0x0000000628000000| Complete 
| 158|0x0000000628400000, 0x0000000628800000, 0x0000000628800000|100%|HS|  |TAMS 0x0000000628800000, 0x0000000628400000| Complete 
| 159|0x0000000628800000, 0x0000000628c00000, 0x0000000628c00000|100%|HC|  |TAMS 0x0000000628c00000, 0x0000000628800000| Complete 
| 160|0x0000000628c00000, 0x0000000629000000, 0x0000000629000000|100%|HC|  |TAMS 0x0000000629000000, 0x0000000628c00000| Complete 
| 161|0x0000000629000000, 0x0000000629400000, 0x0000000629400000|100%|HS|  |TAMS 0x0000000629400000, 0x0000000629000000| Complete 
| 162|0x0000000629400000, 0x0000000629800000, 0x0000000629800000|100%|HS|  |TAMS 0x0000000629800000, 0x0000000629400000| Complete 
| 163|0x0000000629800000, 0x0000000629c00000, 0x0000000629c00000|100%|HS|  |TAMS 0x0000000629c00000, 0x0000000629800000| Complete 
| 164|0x0000000629c00000, 0x000000062a000000, 0x000000062a000000|100%|HC|  |TAMS 0x000000062a000000, 0x0000000629c00000| Complete 
| 165|0x000000062a000000, 0x000000062a400000, 0x000000062a400000|100%|HC|  |TAMS 0x000000062a400000, 0x000000062a000000| Complete 
| 166|0x000000062a400000, 0x000000062a800000, 0x000000062a800000|100%|HC|  |TAMS 0x000000062a800000, 0x000000062a400000| Complete 
| 167|0x000000062a800000, 0x000000062ac00000, 0x000000062ac00000|100%|HC|  |TAMS 0x000000062ac00000, 0x000000062a800000| Complete 
| 168|0x000000062ac00000, 0x000000062b000000, 0x000000062b000000|100%|HC|  |TAMS 0x000000062b000000, 0x000000062ac00000| Complete 
| 169|0x000000062b000000, 0x000000062b400000, 0x000000062b400000|100%|HC|  |TAMS 0x000000062b400000, 0x000000062b000000| Complete 
| 170|0x000000062b400000, 0x000000062b800000, 0x000000062b800000|100%|HC|  |TAMS 0x000000062b800000, 0x000000062b400000| Complete 
| 171|0x000000062b800000, 0x000000062bc00000, 0x000000062bc00000|100%|HC|  |TAMS 0x000000062bc00000, 0x000000062b800000| Complete 
| 172|0x000000062bc00000, 0x000000062c000000, 0x000000062c000000|100%|HC|  |TAMS 0x000000062c000000, 0x000000062bc00000| Complete 
| 173|0x000000062c000000, 0x000000062c400000, 0x000000062c400000|100%|HS|  |TAMS 0x000000062c400000, 0x000000062c000000| Complete 
| 174|0x000000062c400000, 0x000000062c800000, 0x000000062c800000|100%|HC|  |TAMS 0x000000062c800000, 0x000000062c400000| Complete 
| 175|0x000000062c800000, 0x000000062cc00000, 0x000000062cc00000|100%| O|  |TAMS 0x000000062cc00000, 0x000000062c800000| Untracked 
| 176|0x000000062cc00000, 0x000000062d000000, 0x000000062d000000|100%|HS|  |TAMS 0x000000062d000000, 0x000000062cc00000| Complete 
| 177|0x000000062d000000, 0x000000062d400000, 0x000000062d400000|100%|HC|  |TAMS 0x000000062d400000, 0x000000062d000000| Complete 
| 178|0x000000062d400000, 0x000000062d800000, 0x000000062d800000|100%|HC|  |TAMS 0x000000062d800000, 0x000000062d400000| Complete 
| 179|0x000000062d800000, 0x000000062dc00000, 0x000000062dc00000|100%|HC|  |TAMS 0x000000062dc00000, 0x000000062d800000| Complete 
| 180|0x000000062dc00000, 0x000000062e000000, 0x000000062e000000|100%|HS|  |TAMS 0x000000062e000000, 0x000000062dc00000| Complete 
| 181|0x000000062e000000, 0x000000062e400000, 0x000000062e400000|100%|HC|  |TAMS 0x000000062e400000, 0x000000062e000000| Complete 
| 182|0x000000062e400000, 0x000000062e800000, 0x000000062e800000|100%|HC|  |TAMS 0x000000062e800000, 0x000000062e400000| Complete 
| 183|0x000000062e800000, 0x000000062ec00000, 0x000000062ec00000|100%|HS|  |TAMS 0x000000062ec00000, 0x000000062e800000| Complete 
| 184|0x000000062ec00000, 0x000000062f000000, 0x000000062f000000|100%|HC|  |TAMS 0x000000062f000000, 0x000000062ec00000| Complete 
| 185|0x000000062f000000, 0x000000062f400000, 0x000000062f400000|100%| O|  |TAMS 0x000000062f400000, 0x000000062f000000| Updating 
| 186|0x000000062f400000, 0x000000062f800000, 0x000000062f800000|100%|HS|  |TAMS 0x000000062f800000, 0x000000062f400000| Complete 
| 187|0x000000062f800000, 0x000000062fc00000, 0x000000062fc00000|100%|HC|  |TAMS 0x000000062fc00000, 0x000000062f800000| Complete 
| 188|0x000000062fc00000, 0x0000000630000000, 0x0000000630000000|100%|HS|  |TAMS 0x0000000630000000, 0x000000062fc00000| Complete 
| 189|0x0000000630000000, 0x0000000630400000, 0x0000000630400000|100%|HC|  |TAMS 0x0000000630400000, 0x0000000630000000| Complete 
| 190|0x0000000630400000, 0x0000000630800000, 0x0000000630800000|100%| O|  |TAMS 0x0000000630800000, 0x0000000630400000| Untracked 
| 191|0x0000000630800000, 0x0000000630c00000, 0x0000000630c00000|100%|HS|  |TAMS 0x0000000630c00000, 0x0000000630800000| Complete 
| 192|0x0000000630c00000, 0x0000000631000000, 0x0000000631000000|100%|HC|  |TAMS 0x0000000631000000, 0x0000000630c00000| Complete 
| 193|0x0000000631000000, 0x0000000631400000, 0x0000000631400000|100%|HS|  |TAMS 0x0000000631400000, 0x0000000631000000| Complete 
| 194|0x0000000631400000, 0x0000000631800000, 0x0000000631800000|100%|HC|  |TAMS 0x0000000631800000, 0x0000000631400000| Complete 
| 195|0x0000000631800000, 0x0000000631c00000, 0x0000000631c00000|100%|HC|  |TAMS 0x0000000631c00000, 0x0000000631800000| Complete 
| 196|0x0000000631c00000, 0x0000000632000000, 0x0000000632000000|100%| O|  |TAMS 0x0000000632000000, 0x0000000631c00000| Updating 
| 197|0x0000000632000000, 0x0000000632400000, 0x0000000632400000|100%|HS|  |TAMS 0x0000000632400000, 0x0000000632000000| Complete 
| 198|0x0000000632400000, 0x0000000632800000, 0x0000000632800000|100%|HS|  |TAMS 0x0000000632800000, 0x0000000632400000| Complete 
| 199|0x0000000632800000, 0x0000000632c00000, 0x0000000632c00000|100%|HS|  |TAMS 0x0000000632c00000, 0x0000000632800000| Complete 
| 200|0x0000000632c00000, 0x0000000633000000, 0x0000000633000000|100%|HC|  |TAMS 0x0000000633000000, 0x0000000632c00000| Complete 
| 201|0x0000000633000000, 0x0000000633400000, 0x0000000633400000|100%|HC|  |TAMS 0x0000000633400000, 0x0000000633000000| Complete 
| 202|0x0000000633400000, 0x0000000633800000, 0x0000000633800000|100%|HS|  |TAMS 0x0000000633800000, 0x0000000633400000| Complete 
| 203|0x0000000633800000, 0x0000000633c00000, 0x0000000633c00000|100%|HC|  |TAMS 0x0000000633c00000, 0x0000000633800000| Complete 
| 204|0x0000000633c00000, 0x0000000634000000, 0x0000000634000000|100%|HS|  |TAMS 0x0000000634000000, 0x0000000633c00000| Complete 
| 205|0x0000000634000000, 0x0000000634400000, 0x0000000634400000|100%|HS|  |TAMS 0x0000000634400000, 0x0000000634000000| Complete 
| 206|0x0000000634400000, 0x0000000634800000, 0x0000000634800000|100%|HC|  |TAMS 0x0000000634800000, 0x0000000634400000| Complete 
| 207|0x0000000634800000, 0x0000000634c00000, 0x0000000634c00000|100%|HS|  |TAMS 0x0000000634c00000, 0x0000000634800000| Complete 
| 208|0x0000000634c00000, 0x0000000635000000, 0x0000000635000000|100%|HC|  |TAMS 0x0000000635000000, 0x0000000634c00000| Complete 
| 209|0x0000000635000000, 0x0000000635400000, 0x0000000635400000|100%|HC|  |TAMS 0x0000000635400000, 0x0000000635000000| Complete 
| 210|0x0000000635400000, 0x0000000635800000, 0x0000000635800000|100%|HC|  |TAMS 0x0000000635800000, 0x0000000635400000| Complete 
| 211|0x0000000635800000, 0x0000000635c00000, 0x0000000635c00000|100%|HC|  |TAMS 0x0000000635c00000, 0x0000000635800000| Complete 
| 212|0x0000000635c00000, 0x0000000636000000, 0x0000000636000000|100%|HC|  |TAMS 0x0000000636000000, 0x0000000635c00000| Complete 
| 213|0x0000000636000000, 0x0000000636400000, 0x0000000636400000|100%|HC|  |TAMS 0x0000000636400000, 0x0000000636000000| Complete 
| 214|0x0000000636400000, 0x0000000636800000, 0x0000000636800000|100%|HC|  |TAMS 0x0000000636800000, 0x0000000636400000| Complete 
| 215|0x0000000636800000, 0x0000000636c00000, 0x0000000636c00000|100%|HC|  |TAMS 0x0000000636c00000, 0x0000000636800000| Complete 
| 216|0x0000000636c00000, 0x0000000637000000, 0x0000000637000000|100%|HS|  |TAMS 0x0000000637000000, 0x0000000636c00000| Complete 
| 217|0x0000000637000000, 0x0000000637400000, 0x0000000637400000|100%|HC|  |TAMS 0x0000000637400000, 0x0000000637000000| Complete 
| 218|0x0000000637400000, 0x0000000637800000, 0x0000000637800000|100%|HC|  |TAMS 0x0000000637800000, 0x0000000637400000| Complete 
| 219|0x0000000637800000, 0x0000000637c00000, 0x0000000637c00000|100%|HS|  |TAMS 0x0000000637c00000, 0x0000000637800000| Complete 
| 220|0x0000000637c00000, 0x0000000638000000, 0x0000000638000000|100%|HC|  |TAMS 0x0000000638000000, 0x0000000637c00000| Complete 
| 221|0x0000000638000000, 0x0000000638400000, 0x0000000638400000|100%|HC|  |TAMS 0x0000000638400000, 0x0000000638000000| Complete 
| 222|0x0000000638400000, 0x0000000638800000, 0x0000000638800000|100%|HS|  |TAMS 0x0000000638800000, 0x0000000638400000| Complete 
| 223|0x0000000638800000, 0x0000000638c00000, 0x0000000638c00000|100%|HS|  |TAMS 0x0000000638c00000, 0x0000000638800000| Complete 
| 224|0x0000000638c00000, 0x0000000639000000, 0x0000000639000000|100%|HC|  |TAMS 0x0000000639000000, 0x0000000638c00000| Complete 
| 225|0x0000000639000000, 0x0000000639400000, 0x0000000639400000|100%|HC|  |TAMS 0x0000000639400000, 0x0000000639000000| Complete 
| 226|0x0000000639400000, 0x0000000639800000, 0x0000000639800000|100%|HS|  |TAMS 0x0000000639800000, 0x0000000639400000| Complete 
| 227|0x0000000639800000, 0x0000000639c00000, 0x0000000639c00000|100%|HC|  |TAMS 0x0000000639c00000, 0x0000000639800000| Complete 
| 228|0x0000000639c00000, 0x000000063a000000, 0x000000063a000000|100%|HS|  |TAMS 0x000000063a000000, 0x0000000639c00000| Complete 
| 229|0x000000063a000000, 0x000000063a400000, 0x000000063a400000|100%|HS|  |TAMS 0x000000063a400000, 0x000000063a000000| Complete 
| 230|0x000000063a400000, 0x000000063a800000, 0x000000063a800000|100%|HC|  |TAMS 0x000000063a800000, 0x000000063a400000| Complete 
| 231|0x000000063a800000, 0x000000063ac00000, 0x000000063ac00000|100%|HS|  |TAMS 0x000000063ac00000, 0x000000063a800000| Complete 
| 232|0x000000063ac00000, 0x000000063b000000, 0x000000063b000000|100%|HC|  |TAMS 0x000000063b000000, 0x000000063ac00000| Complete 
| 233|0x000000063b000000, 0x000000063b400000, 0x000000063b400000|100%|HC|  |TAMS 0x000000063b400000, 0x000000063b000000| Complete 
| 234|0x000000063b400000, 0x000000063b800000, 0x000000063b800000|100%|HC|  |TAMS 0x000000063b800000, 0x000000063b400000| Complete 
| 235|0x000000063b800000, 0x000000063bc00000, 0x000000063bc00000|100%|HC|  |TAMS 0x000000063bc00000, 0x000000063b800000| Complete 
| 236|0x000000063bc00000, 0x000000063c000000, 0x000000063c000000|100%|HS|  |TAMS 0x000000063c000000, 0x000000063bc00000| Complete 
| 237|0x000000063c000000, 0x000000063c400000, 0x000000063c400000|100%|HC|  |TAMS 0x000000063c400000, 0x000000063c000000| Complete 
| 238|0x000000063c400000, 0x000000063c800000, 0x000000063c800000|100%|HC|  |TAMS 0x000000063c800000, 0x000000063c400000| Complete 
| 239|0x000000063c800000, 0x000000063cc00000, 0x000000063cc00000|100%|HS|  |TAMS 0x000000063cc00000, 0x000000063c800000| Complete 
| 240|0x000000063cc00000, 0x000000063d000000, 0x000000063d000000|100%|HC|  |TAMS 0x000000063d000000, 0x000000063cc00000| Complete 
| 241|0x000000063d000000, 0x000000063d400000, 0x000000063d400000|100%|HS|  |TAMS 0x000000063d400000, 0x000000063d000000| Complete 
| 242|0x000000063d400000, 0x000000063d800000, 0x000000063d800000|100%|HS|  |TAMS 0x000000063d800000, 0x000000063d400000| Complete 
| 243|0x000000063d800000, 0x000000063dc00000, 0x000000063dc00000|100%|HC|  |TAMS 0x000000063dc00000, 0x000000063d800000| Complete 
| 244|0x000000063dc00000, 0x000000063e000000, 0x000000063e000000|100%|HS|  |TAMS 0x000000063e000000, 0x000000063dc00000| Complete 
| 245|0x000000063e000000, 0x000000063e400000, 0x000000063e400000|100%|HS|  |TAMS 0x000000063e400000, 0x000000063e000000| Complete 
| 246|0x000000063e400000, 0x000000063e800000, 0x000000063e800000|100%|HS|  |TAMS 0x000000063e800000, 0x000000063e400000| Complete 
| 247|0x000000063e800000, 0x000000063ec00000, 0x000000063ec00000|100%|HS|  |TAMS 0x000000063ec00000, 0x000000063e800000| Complete 
| 248|0x000000063ec00000, 0x000000063f000000, 0x000000063f000000|100%|HC|  |TAMS 0x000000063f000000, 0x000000063ec00000| Complete 
| 249|0x000000063f000000, 0x000000063f400000, 0x000000063f400000|100%|HC|  |TAMS 0x000000063f400000, 0x000000063f000000| Complete 
| 250|0x000000063f400000, 0x000000063f800000, 0x000000063f800000|100%|HS|  |TAMS 0x000000063f800000, 0x000000063f400000| Complete 
| 251|0x000000063f800000, 0x000000063fc00000, 0x000000063fc00000|100%|HS|  |TAMS 0x000000063fc00000, 0x000000063f800000| Complete 
| 252|0x000000063fc00000, 0x0000000640000000, 0x0000000640000000|100%|HC|  |TAMS 0x0000000640000000, 0x000000063fc00000| Complete 
| 253|0x0000000640000000, 0x0000000640400000, 0x0000000640400000|100%|HC|  |TAMS 0x0000000640400000, 0x0000000640000000| Complete 
| 254|0x0000000640400000, 0x0000000640800000, 0x0000000640800000|100%|HS|  |TAMS 0x0000000640800000, 0x0000000640400000| Complete 
| 255|0x0000000640800000, 0x0000000640c00000, 0x0000000640c00000|100%|HC|  |TAMS 0x0000000640c00000, 0x0000000640800000| Complete 
| 256|0x0000000640c00000, 0x0000000641000000, 0x0000000641000000|100%|HS|  |TAMS 0x0000000641000000, 0x0000000640c00000| Complete 
| 257|0x0000000641000000, 0x0000000641400000, 0x0000000641400000|100%|HC|  |TAMS 0x0000000641400000, 0x0000000641000000| Complete 
| 258|0x0000000641400000, 0x0000000641800000, 0x0000000641800000|100%|HC|  |TAMS 0x0000000641800000, 0x0000000641400000| Complete 
| 259|0x0000000641800000, 0x0000000641c00000, 0x0000000641c00000|100%|HS|  |TAMS 0x0000000641c00000, 0x0000000641800000| Complete 
| 260|0x0000000641c00000, 0x0000000642000000, 0x0000000642000000|100%|HC|  |TAMS 0x0000000642000000, 0x0000000641c00000| Complete 
| 261|0x0000000642000000, 0x0000000642400000, 0x0000000642400000|100%|HC|  |TAMS 0x0000000642400000, 0x0000000642000000| Complete 
| 262|0x0000000642400000, 0x0000000642800000, 0x0000000642800000|100%|HC|  |TAMS 0x0000000642800000, 0x0000000642400000| Complete 
| 263|0x0000000642800000, 0x0000000642c00000, 0x0000000642c00000|100%|HC|  |TAMS 0x0000000642c00000, 0x0000000642800000| Complete 
| 264|0x0000000642c00000, 0x0000000643000000, 0x0000000643000000|100%|HC|  |TAMS 0x0000000643000000, 0x0000000642c00000| Complete 
| 265|0x0000000643000000, 0x0000000643400000, 0x0000000643400000|100%|HC|  |TAMS 0x0000000643400000, 0x0000000643000000| Complete 
| 266|0x0000000643400000, 0x0000000643800000, 0x0000000643800000|100%|HC|  |TAMS 0x0000000643800000, 0x0000000643400000| Complete 
| 267|0x0000000643800000, 0x0000000643c00000, 0x0000000643c00000|100%|HC|  |TAMS 0x0000000643c00000, 0x0000000643800000| Complete 
| 268|0x0000000643c00000, 0x0000000644000000, 0x0000000644000000|100%|HS|  |TAMS 0x0000000644000000, 0x0000000643c00000| Complete 
| 269|0x0000000644000000, 0x0000000644400000, 0x0000000644400000|100%|HC|  |TAMS 0x0000000644400000, 0x0000000644000000| Complete 
| 270|0x0000000644400000, 0x0000000644800000, 0x0000000644800000|100%|HC|  |TAMS 0x0000000644800000, 0x0000000644400000| Complete 
| 271|0x0000000644800000, 0x0000000644c00000, 0x0000000644c00000|100%|HS|  |TAMS 0x0000000644c00000, 0x0000000644800000| Complete 
| 272|0x0000000644c00000, 0x0000000645000000, 0x0000000645000000|100%|HS|  |TAMS 0x0000000645000000, 0x0000000644c00000| Complete 
| 273|0x0000000645000000, 0x0000000645400000, 0x0000000645400000|100%|HS|  |TAMS 0x0000000645400000, 0x0000000645000000| Complete 
| 274|0x0000000645400000, 0x0000000645800000, 0x0000000645800000|100%|HC|  |TAMS 0x0000000645800000, 0x0000000645400000| Complete 
| 275|0x0000000645800000, 0x0000000645c00000, 0x0000000645c00000|100%|HC|  |TAMS 0x0000000645c00000, 0x0000000645800000| Complete 
| 276|0x0000000645c00000, 0x0000000646000000, 0x0000000646000000|100%|HS|  |TAMS 0x0000000646000000, 0x0000000645c00000| Complete 
| 277|0x0000000646000000, 0x0000000646400000, 0x0000000646400000|100%| O|  |TAMS 0x0000000646400000, 0x0000000646000000| Untracked 
| 278|0x0000000646400000, 0x0000000646800000, 0x0000000646800000|100%| O|  |TAMS 0x0000000646800000, 0x0000000646400000| Untracked 
| 279|0x0000000646800000, 0x0000000646c00000, 0x0000000646c00000|100%| O|  |TAMS 0x0000000646c00000, 0x0000000646800000| Untracked 
| 280|0x0000000646c00000, 0x0000000647000000, 0x0000000647000000|100%| O|  |TAMS 0x0000000647000000, 0x0000000646c00000| Untracked 
| 281|0x0000000647000000, 0x0000000647400000, 0x0000000647400000|100%|HS|  |TAMS 0x0000000647400000, 0x0000000647000000| Complete 
| 282|0x0000000647400000, 0x0000000647800000, 0x0000000647800000|100%|HC|  |TAMS 0x0000000647800000, 0x0000000647400000| Complete 
| 283|0x0000000647800000, 0x0000000647c00000, 0x0000000647c00000|100%|HC|  |TAMS 0x0000000647c00000, 0x0000000647800000| Complete 
| 284|0x0000000647c00000, 0x0000000648000000, 0x0000000648000000|100%|HC|  |TAMS 0x0000000648000000, 0x0000000647c00000| Complete 
| 285|0x0000000648000000, 0x0000000648400000, 0x0000000648400000|100%|HC|  |TAMS 0x0000000648400000, 0x0000000648000000| Complete 
| 286|0x0000000648400000, 0x0000000648800000, 0x0000000648800000|100%|HC|  |TAMS 0x0000000648800000, 0x0000000648400000| Complete 
| 287|0x0000000648800000, 0x0000000648c00000, 0x0000000648c00000|100%|HC|  |TAMS 0x0000000648c00000, 0x0000000648800000| Complete 
| 288|0x0000000648c00000, 0x0000000649000000, 0x0000000649000000|100%|HC|  |TAMS 0x0000000649000000, 0x0000000648c00000| Complete 
| 289|0x0000000649000000, 0x0000000649400000, 0x0000000649400000|100%|HS|  |TAMS 0x0000000649400000, 0x0000000649000000| Complete 
| 290|0x0000000649400000, 0x0000000649800000, 0x0000000649800000|100%|HC|  |TAMS 0x0000000649800000, 0x0000000649400000| Complete 
| 291|0x0000000649800000, 0x0000000649c00000, 0x0000000649c00000|100%|HC|  |TAMS 0x0000000649c00000, 0x0000000649800000| Complete 
| 292|0x0000000649c00000, 0x000000064a000000, 0x000000064a000000|100%|HC|  |TAMS 0x000000064a000000, 0x0000000649c00000| Complete 
| 293|0x000000064a000000, 0x000000064a400000, 0x000000064a400000|100%|HC|  |TAMS 0x000000064a400000, 0x000000064a000000| Complete 
| 294|0x000000064a400000, 0x000000064a800000, 0x000000064a800000|100%|HC|  |TAMS 0x000000064a800000, 0x000000064a400000| Complete 
| 295|0x000000064a800000, 0x000000064ac00000, 0x000000064ac00000|100%|HC|  |TAMS 0x000000064ac00000, 0x000000064a800000| Complete 
| 296|0x000000064ac00000, 0x000000064b000000, 0x000000064b000000|100%|HC|  |TAMS 0x000000064b000000, 0x000000064ac00000| Complete 
| 297|0x000000064b000000, 0x000000064b400000, 0x000000064b400000|100%|HC|  |TAMS 0x000000064b400000, 0x000000064b000000| Complete 
| 298|0x000000064b400000, 0x000000064b800000, 0x000000064b800000|100%|HC|  |TAMS 0x000000064b800000, 0x000000064b400000| Complete 
| 299|0x000000064b800000, 0x000000064bc00000, 0x000000064bc00000|100%|HC|  |TAMS 0x000000064bc00000, 0x000000064b800000| Complete 
| 300|0x000000064bc00000, 0x000000064c000000, 0x000000064c000000|100%|HC|  |TAMS 0x000000064c000000, 0x000000064bc00000| Complete 
| 301|0x000000064c000000, 0x000000064c400000, 0x000000064c400000|100%|HC|  |TAMS 0x000000064c400000, 0x000000064c000000| Complete 
| 302|0x000000064c400000, 0x000000064c800000, 0x000000064c800000|100%|HS|  |TAMS 0x000000064c800000, 0x000000064c400000| Complete 
| 303|0x000000064c800000, 0x000000064cc00000, 0x000000064cc00000|100%|HC|  |TAMS 0x000000064cc00000, 0x000000064c800000| Complete 
| 304|0x000000064cc00000, 0x000000064d000000, 0x000000064d000000|100%|HC|  |TAMS 0x000000064d000000, 0x000000064cc00000| Complete 
| 305|0x000000064d000000, 0x000000064d400000, 0x000000064d400000|100%|HC|  |TAMS 0x000000064d400000, 0x000000064d000000| Complete 
| 306|0x000000064d400000, 0x000000064d800000, 0x000000064d800000|100%|HC|  |TAMS 0x000000064d800000, 0x000000064d400000| Complete 
| 307|0x000000064d800000, 0x000000064dc00000, 0x000000064dc00000|100%|HC|  |TAMS 0x000000064dc00000, 0x000000064d800000| Complete 
| 308|0x000000064dc00000, 0x000000064e000000, 0x000000064e000000|100%|HC|  |TAMS 0x000000064e000000, 0x000000064dc00000| Complete 
| 309|0x000000064e000000, 0x000000064e400000, 0x000000064e400000|100%|HS|  |TAMS 0x000000064e400000, 0x000000064e000000| Complete 
| 310|0x000000064e400000, 0x000000064e800000, 0x000000064e800000|100%|HS|  |TAMS 0x000000064e800000, 0x000000064e400000| Complete 
| 311|0x000000064e800000, 0x000000064ec00000, 0x000000064ec00000|100%|HC|  |TAMS 0x000000064ec00000, 0x000000064e800000| Complete 
| 312|0x000000064ec00000, 0x000000064f000000, 0x000000064f000000|100%|HC|  |TAMS 0x000000064f000000, 0x000000064ec00000| Complete 
| 313|0x000000064f000000, 0x000000064f400000, 0x000000064f400000|100%|HC|  |TAMS 0x000000064f400000, 0x000000064f000000| Complete 
| 314|0x000000064f400000, 0x000000064f800000, 0x000000064f800000|100%|HC|  |TAMS 0x000000064f800000, 0x000000064f400000| Complete 
| 315|0x000000064f800000, 0x000000064fc00000, 0x000000064fc00000|100%|HC|  |TAMS 0x000000064fc00000, 0x000000064f800000| Complete 
| 316|0x000000064fc00000, 0x0000000650000000, 0x0000000650000000|100%|HC|  |TAMS 0x0000000650000000, 0x000000064fc00000| Complete 
| 317|0x0000000650000000, 0x0000000650400000, 0x0000000650400000|100%|HC|  |TAMS 0x0000000650400000, 0x0000000650000000| Complete 
| 318|0x0000000650400000, 0x0000000650800000, 0x0000000650800000|100%|HC|  |TAMS 0x0000000650800000, 0x0000000650400000| Complete 
| 319|0x0000000650800000, 0x0000000650c00000, 0x0000000650c00000|100%|HC|  |TAMS 0x0000000650c00000, 0x0000000650800000| Complete 
| 320|0x0000000650c00000, 0x0000000651000000, 0x0000000651000000|100%|HC|  |TAMS 0x0000000651000000, 0x0000000650c00000| Complete 
| 321|0x0000000651000000, 0x0000000651400000, 0x0000000651400000|100%|HC|  |TAMS 0x0000000651400000, 0x0000000651000000| Complete 
| 322|0x0000000651400000, 0x0000000651800000, 0x0000000651800000|100%|HC|  |TAMS 0x0000000651800000, 0x0000000651400000| Complete 
| 323|0x0000000651800000, 0x0000000651c00000, 0x0000000651c00000|100%|HS|  |TAMS 0x0000000651c00000, 0x0000000651800000| Complete 
| 324|0x0000000651c00000, 0x0000000652000000, 0x0000000652000000|100%|HC|  |TAMS 0x0000000652000000, 0x0000000651c00000| Complete 
| 325|0x0000000652000000, 0x0000000652400000, 0x0000000652400000|100%|HC|  |TAMS 0x0000000652400000, 0x0000000652000000| Complete 
| 326|0x0000000652400000, 0x0000000652800000, 0x0000000652800000|100%|HS|  |TAMS 0x0000000652800000, 0x0000000652400000| Complete 
| 327|0x0000000652800000, 0x0000000652c00000, 0x0000000652c00000|100%|HC|  |TAMS 0x0000000652c00000, 0x0000000652800000| Complete 
| 328|0x0000000652c00000, 0x0000000653000000, 0x0000000653000000|100%|HC|  |TAMS 0x0000000653000000, 0x0000000652c00000| Complete 
| 329|0x0000000653000000, 0x0000000653400000, 0x0000000653400000|100%|HC|  |TAMS 0x0000000653400000, 0x0000000653000000| Complete 
| 330|0x0000000653400000, 0x0000000653800000, 0x0000000653800000|100%|HS|  |TAMS 0x0000000653800000, 0x0000000653400000| Complete 
| 331|0x0000000653800000, 0x0000000653c00000, 0x0000000653c00000|100%|HC|  |TAMS 0x0000000653c00000, 0x0000000653800000| Complete 
| 332|0x0000000653c00000, 0x0000000654000000, 0x0000000654000000|100%|HC|  |TAMS 0x0000000654000000, 0x0000000653c00000| Complete 
| 333|0x0000000654000000, 0x0000000654400000, 0x0000000654400000|100%|HC|  |TAMS 0x0000000654400000, 0x0000000654000000| Complete 
| 334|0x0000000654400000, 0x0000000654800000, 0x0000000654800000|100%|HC|  |TAMS 0x0000000654800000, 0x0000000654400000| Complete 
| 335|0x0000000654800000, 0x0000000654c00000, 0x0000000654c00000|100%|HC|  |TAMS 0x0000000654c00000, 0x0000000654800000| Complete 
| 336|0x0000000654c00000, 0x0000000655000000, 0x0000000655000000|100%|HC|  |TAMS 0x0000000655000000, 0x0000000654c00000| Complete 
| 337|0x0000000655000000, 0x0000000655400000, 0x0000000655400000|100%|HC|  |TAMS 0x0000000655400000, 0x0000000655000000| Complete 
| 338|0x0000000655400000, 0x0000000655800000, 0x0000000655800000|100%|HS|  |TAMS 0x0000000655800000, 0x0000000655400000| Complete 
| 339|0x0000000655800000, 0x0000000655c00000, 0x0000000655c00000|100%|HC|  |TAMS 0x0000000655c00000, 0x0000000655800000| Complete 
| 340|0x0000000655c00000, 0x0000000656000000, 0x0000000656000000|100%|HC|  |TAMS 0x0000000656000000, 0x0000000655c00000| Complete 
| 341|0x0000000656000000, 0x0000000656400000, 0x0000000656400000|100%|HS|  |TAMS 0x0000000656400000, 0x0000000656000000| Complete 
| 342|0x0000000656400000, 0x0000000656800000, 0x0000000656800000|100%| O|  |TAMS 0x0000000656800000, 0x0000000656400000| Updating 
| 343|0x0000000656800000, 0x0000000656c00000, 0x0000000656c00000|100%| O|  |TAMS 0x0000000656c00000, 0x0000000656800000| Untracked 
| 344|0x0000000656c00000, 0x0000000657000000, 0x0000000657000000|100%|HS|  |TAMS 0x0000000657000000, 0x0000000656c00000| Complete 
| 345|0x0000000657000000, 0x0000000657400000, 0x0000000657400000|100%|HC|  |TAMS 0x0000000657400000, 0x0000000657000000| Complete 
| 346|0x0000000657400000, 0x0000000657800000, 0x0000000657800000|100%| O|  |TAMS 0x0000000657800000, 0x0000000657400000| Updating 
| 347|0x0000000657800000, 0x0000000657c00000, 0x0000000657c00000|100%|HS|  |TAMS 0x0000000657c00000, 0x0000000657800000| Complete 
| 348|0x0000000657c00000, 0x0000000658000000, 0x0000000658000000|100%|HC|  |TAMS 0x0000000658000000, 0x0000000657c00000| Complete 
| 349|0x0000000658000000, 0x0000000658400000, 0x0000000658400000|100%|HC|  |TAMS 0x0000000658400000, 0x0000000658000000| Complete 
| 350|0x0000000658400000, 0x0000000658800000, 0x0000000658800000|100%|HC|  |TAMS 0x0000000658800000, 0x0000000658400000| Complete 
| 351|0x0000000658800000, 0x0000000658c00000, 0x0000000658c00000|100%|HC|  |TAMS 0x0000000658c00000, 0x0000000658800000| Complete 
| 352|0x0000000658c00000, 0x0000000659000000, 0x0000000659000000|100%|HC|  |TAMS 0x0000000659000000, 0x0000000658c00000| Complete 
| 353|0x0000000659000000, 0x0000000659400000, 0x0000000659400000|100%|HC|  |TAMS 0x0000000659400000, 0x0000000659000000| Complete 
| 354|0x0000000659400000, 0x0000000659800000, 0x0000000659800000|100%|HC|  |TAMS 0x0000000659800000, 0x0000000659400000| Complete 
| 355|0x0000000659800000, 0x0000000659c00000, 0x0000000659c00000|100%|HS|  |TAMS 0x0000000659c00000, 0x0000000659800000| Complete 
| 356|0x0000000659c00000, 0x000000065a000000, 0x000000065a000000|100%|HC|  |TAMS 0x000000065a000000, 0x0000000659c00000| Complete 
| 357|0x000000065a000000, 0x000000065a400000, 0x000000065a400000|100%|HS|  |TAMS 0x000000065a400000, 0x000000065a000000| Complete 
| 358|0x000000065a400000, 0x000000065a800000, 0x000000065a800000|100%|HC|  |TAMS 0x000000065a800000, 0x000000065a400000| Complete 
| 359|0x000000065a800000, 0x000000065ac00000, 0x000000065ac00000|100%|HS|  |TAMS 0x000000065ac00000, 0x000000065a800000| Complete 
| 360|0x000000065ac00000, 0x000000065b000000, 0x000000065b000000|100%|HC|  |TAMS 0x000000065b000000, 0x000000065ac00000| Complete 
| 361|0x000000065b000000, 0x000000065b400000, 0x000000065b400000|100%| O|  |TAMS 0x000000065b400000, 0x000000065b000000| Untracked 
| 362|0x000000065b400000, 0x000000065b800000, 0x000000065b800000|100%| O|  |TAMS 0x000000065b800000, 0x000000065b400000| Untracked 
| 363|0x000000065b800000, 0x000000065bc00000, 0x000000065bc00000|100%|HS|  |TAMS 0x000000065bc00000, 0x000000065b800000| Complete 
| 364|0x000000065bc00000, 0x000000065c000000, 0x000000065c000000|100%|HC|  |TAMS 0x000000065c000000, 0x000000065bc00000| Complete 
| 365|0x000000065c000000, 0x000000065c400000, 0x000000065c400000|100%|HC|  |TAMS 0x000000065c400000, 0x000000065c000000| Complete 
| 366|0x000000065c400000, 0x000000065c800000, 0x000000065c800000|100%|HS|  |TAMS 0x000000065c800000, 0x000000065c400000| Complete 
| 367|0x000000065c800000, 0x000000065cc00000, 0x000000065cc00000|100%|HC|  |TAMS 0x000000065cc00000, 0x000000065c800000| Complete 
| 368|0x000000065cc00000, 0x000000065d000000, 0x000000065d000000|100%|HC|  |TAMS 0x000000065d000000, 0x000000065cc00000| Complete 
| 369|0x000000065d000000, 0x000000065d400000, 0x000000065d400000|100%|HC|  |TAMS 0x000000065d400000, 0x000000065d000000| Complete 
| 370|0x000000065d400000, 0x000000065d800000, 0x000000065d800000|100%|HC|  |TAMS 0x000000065d800000, 0x000000065d400000| Complete 
| 371|0x000000065d800000, 0x000000065dc00000, 0x000000065dc00000|100%|HC|  |TAMS 0x000000065dc00000, 0x000000065d800000| Complete 
| 372|0x000000065dc00000, 0x000000065e000000, 0x000000065e000000|100%|HC|  |TAMS 0x000000065e000000, 0x000000065dc00000| Complete 
| 373|0x000000065e000000, 0x000000065e400000, 0x000000065e400000|100%|HC|  |TAMS 0x000000065e400000, 0x000000065e000000| Complete 
| 374|0x000000065e400000, 0x000000065e800000, 0x000000065e800000|100%|HC|  |TAMS 0x000000065e800000, 0x000000065e400000| Complete 
| 375|0x000000065e800000, 0x000000065ec00000, 0x000000065ec00000|100%|HC|  |TAMS 0x000000065ec00000, 0x000000065e800000| Complete 
| 376|0x000000065ec00000, 0x000000065f000000, 0x000000065f000000|100%|HC|  |TAMS 0x000000065f000000, 0x000000065ec00000| Complete 
| 377|0x000000065f000000, 0x000000065f400000, 0x000000065f400000|100%|HC|  |TAMS 0x000000065f400000, 0x000000065f000000| Complete 
| 378|0x000000065f400000, 0x000000065f800000, 0x000000065f800000|100%|HC|  |TAMS 0x000000065f800000, 0x000000065f400000| Complete 
| 379|0x000000065f800000, 0x000000065fc00000, 0x000000065fc00000|100%|HC|  |TAMS 0x000000065fc00000, 0x000000065f800000| Complete 
| 380|0x000000065fc00000, 0x0000000660000000, 0x0000000660000000|100%|HC|  |TAMS 0x0000000660000000, 0x000000065fc00000| Complete 
| 381|0x0000000660000000, 0x0000000660400000, 0x0000000660400000|100%|HS|  |TAMS 0x0000000660400000, 0x0000000660000000| Complete 
| 382|0x0000000660400000, 0x0000000660800000, 0x0000000660800000|100%| O|  |TAMS 0x0000000660800000, 0x0000000660400000| Untracked 
| 383|0x0000000660800000, 0x0000000660c00000, 0x0000000660c00000|100%|HS|  |TAMS 0x0000000660c00000, 0x0000000660800000| Complete 
| 384|0x0000000660c00000, 0x0000000661000000, 0x0000000661000000|100%| O|  |TAMS 0x0000000661000000, 0x0000000660c00000| Updating 
| 385|0x0000000661000000, 0x0000000661400000, 0x0000000661400000|100%| O|  |TAMS 0x0000000661400000, 0x0000000661000000| Untracked 
| 386|0x0000000661400000, 0x0000000661800000, 0x0000000661800000|100%| O|  |TAMS 0x0000000661800000, 0x0000000661400000| Untracked 
| 387|0x0000000661800000, 0x0000000661c00000, 0x0000000661c00000|100%|HS|  |TAMS 0x0000000661c00000, 0x0000000661800000| Complete 
| 388|0x0000000661c00000, 0x0000000662000000, 0x0000000662000000|100%|HS|  |TAMS 0x0000000662000000, 0x0000000661c00000| Complete 
| 389|0x0000000662000000, 0x0000000662400000, 0x0000000662400000|100%|HS|  |TAMS 0x0000000662400000, 0x0000000662000000| Complete 
| 390|0x0000000662400000, 0x0000000662800000, 0x0000000662800000|100%|HS|  |TAMS 0x0000000662800000, 0x0000000662400000| Complete 
| 391|0x0000000662800000, 0x0000000662c00000, 0x0000000662c00000|100%|HS|  |TAMS 0x0000000662c00000, 0x0000000662800000| Complete 
| 392|0x0000000662c00000, 0x0000000663000000, 0x0000000663000000|100%|HS|  |TAMS 0x0000000663000000, 0x0000000662c00000| Complete 
| 393|0x0000000663000000, 0x0000000663400000, 0x0000000663400000|100%|HC|  |TAMS 0x0000000663400000, 0x0000000663000000| Complete 
| 394|0x0000000663400000, 0x0000000663800000, 0x0000000663800000|100%|HC|  |TAMS 0x0000000663800000, 0x0000000663400000| Complete 
| 395|0x0000000663800000, 0x0000000663c00000, 0x0000000663c00000|100%|HS|  |TAMS 0x0000000663c00000, 0x0000000663800000| Complete 
| 396|0x0000000663c00000, 0x0000000664000000, 0x0000000664000000|100%|HS|  |TAMS 0x0000000664000000, 0x0000000663c00000| Complete 
| 397|0x0000000664000000, 0x0000000664400000, 0x0000000664400000|100%|HS|  |TAMS 0x0000000664400000, 0x0000000664000000| Complete 
| 398|0x0000000664400000, 0x0000000664800000, 0x0000000664800000|100%|HC|  |TAMS 0x0000000664800000, 0x0000000664400000| Complete 
| 399|0x0000000664800000, 0x0000000664c00000, 0x0000000664c00000|100%|HS|  |TAMS 0x0000000664c00000, 0x0000000664800000| Complete 
| 400|0x0000000664c00000, 0x0000000665000000, 0x0000000665000000|100%|HS|  |TAMS 0x0000000665000000, 0x0000000664c00000| Complete 
| 401|0x0000000665000000, 0x0000000665400000, 0x0000000665400000|100%|HS|  |TAMS 0x0000000665400000, 0x0000000665000000| Complete 
| 402|0x0000000665400000, 0x0000000665800000, 0x0000000665800000|100%|HC|  |TAMS 0x0000000665800000, 0x0000000665400000| Complete 
| 403|0x0000000665800000, 0x0000000665c00000, 0x0000000665c00000|100%|HC|  |TAMS 0x0000000665c00000, 0x0000000665800000| Complete 
| 404|0x0000000665c00000, 0x0000000666000000, 0x0000000666000000|100%|HC|  |TAMS 0x0000000666000000, 0x0000000665c00000| Complete 
| 405|0x0000000666000000, 0x0000000666400000, 0x0000000666400000|100%|HC|  |TAMS 0x0000000666400000, 0x0000000666000000| Complete 
| 406|0x0000000666400000, 0x0000000666800000, 0x0000000666800000|100%|HC|  |TAMS 0x0000000666800000, 0x0000000666400000| Complete 
| 407|0x0000000666800000, 0x0000000666c00000, 0x0000000666c00000|100%|HC|  |TAMS 0x0000000666c00000, 0x0000000666800000| Complete 
| 408|0x0000000666c00000, 0x0000000667000000, 0x0000000667000000|100%|HC|  |TAMS 0x0000000667000000, 0x0000000666c00000| Complete 
| 409|0x0000000667000000, 0x0000000667400000, 0x0000000667400000|100%|HC|  |TAMS 0x0000000667400000, 0x0000000667000000| Complete 
| 410|0x0000000667400000, 0x0000000667800000, 0x0000000667800000|100%|HC|  |TAMS 0x0000000667800000, 0x0000000667400000| Complete 
| 411|0x0000000667800000, 0x0000000667c00000, 0x0000000667c00000|100%|HC|  |TAMS 0x0000000667c00000, 0x0000000667800000| Complete 
| 412|0x0000000667c00000, 0x0000000668000000, 0x0000000668000000|100%|HS|  |TAMS 0x0000000668000000, 0x0000000667c00000| Complete 
| 413|0x0000000668000000, 0x0000000668400000, 0x0000000668400000|100%|HC|  |TAMS 0x0000000668400000, 0x0000000668000000| Complete 
| 414|0x0000000668400000, 0x0000000668800000, 0x0000000668800000|100%|HC|  |TAMS 0x0000000668800000, 0x0000000668400000| Complete 
| 415|0x0000000668800000, 0x0000000668c00000, 0x0000000668c00000|100%|HC|  |TAMS 0x0000000668c00000, 0x0000000668800000| Complete 
| 416|0x0000000668c00000, 0x0000000669000000, 0x0000000669000000|100%|HC|  |TAMS 0x0000000669000000, 0x0000000668c00000| Complete 
| 417|0x0000000669000000, 0x0000000669400000, 0x0000000669400000|100%|HC|  |TAMS 0x0000000669400000, 0x0000000669000000| Complete 
| 418|0x0000000669400000, 0x0000000669800000, 0x0000000669800000|100%|HC|  |TAMS 0x0000000669800000, 0x0000000669400000| Complete 
| 419|0x0000000669800000, 0x0000000669c00000, 0x0000000669c00000|100%|HC|  |TAMS 0x0000000669c00000, 0x0000000669800000| Complete 
| 420|0x0000000669c00000, 0x000000066a000000, 0x000000066a000000|100%|HC|  |TAMS 0x000000066a000000, 0x0000000669c00000| Complete 
| 421|0x000000066a000000, 0x000000066a400000, 0x000000066a400000|100%|HC|  |TAMS 0x000000066a400000, 0x000000066a000000| Complete 
| 422|0x000000066a400000, 0x000000066a800000, 0x000000066a800000|100%|HC|  |TAMS 0x000000066a800000, 0x000000066a400000| Complete 
| 423|0x000000066a800000, 0x000000066ac00000, 0x000000066ac00000|100%|HC|  |TAMS 0x000000066ac00000, 0x000000066a800000| Complete 
| 424|0x000000066ac00000, 0x000000066b000000, 0x000000066b000000|100%|HC|  |TAMS 0x000000066b000000, 0x000000066ac00000| Complete 
| 425|0x000000066b000000, 0x000000066b400000, 0x000000066b400000|100%|HS|  |TAMS 0x000000066b400000, 0x000000066b000000| Complete 
| 426|0x000000066b400000, 0x000000066b800000, 0x000000066b800000|100%|HC|  |TAMS 0x000000066b800000, 0x000000066b400000| Complete 
| 427|0x000000066b800000, 0x000000066bc00000, 0x000000066bc00000|100%|HC|  |TAMS 0x000000066bc00000, 0x000000066b800000| Complete 
| 428|0x000000066bc00000, 0x000000066c000000, 0x000000066c000000|100%|HC|  |TAMS 0x000000066c000000, 0x000000066bc00000| Complete 
| 429|0x000000066c000000, 0x000000066c400000, 0x000000066c400000|100%|HS|  |TAMS 0x000000066c400000, 0x000000066c000000| Complete 
| 430|0x000000066c400000, 0x000000066c800000, 0x000000066c800000|100%|HC|  |TAMS 0x000000066c800000, 0x000000066c400000| Complete 
| 431|0x000000066c800000, 0x000000066cc00000, 0x000000066cc00000|100%|HC|  |TAMS 0x000000066cc00000, 0x000000066c800000| Complete 
| 432|0x000000066cc00000, 0x000000066d000000, 0x000000066d000000|100%|HC|  |TAMS 0x000000066d000000, 0x000000066cc00000| Complete 
| 433|0x000000066d000000, 0x000000066d400000, 0x000000066d400000|100%|HC|  |TAMS 0x000000066d400000, 0x000000066d000000| Complete 
| 434|0x000000066d400000, 0x000000066d800000, 0x000000066d800000|100%|HC|  |TAMS 0x000000066d800000, 0x000000066d400000| Complete 
| 435|0x000000066d800000, 0x000000066dc00000, 0x000000066dc00000|100%|HC|  |TAMS 0x000000066dc00000, 0x000000066d800000| Complete 
| 436|0x000000066dc00000, 0x000000066e000000, 0x000000066e000000|100%|HC|  |TAMS 0x000000066e000000, 0x000000066dc00000| Complete 
| 437|0x000000066e000000, 0x000000066e400000, 0x000000066e400000|100%|HC|  |TAMS 0x000000066e400000, 0x000000066e000000| Complete 
| 438|0x000000066e400000, 0x000000066e800000, 0x000000066e800000|100%|HS|  |TAMS 0x000000066e800000, 0x000000066e400000| Complete 
| 439|0x000000066e800000, 0x000000066ec00000, 0x000000066ec00000|100%|HC|  |TAMS 0x000000066ec00000, 0x000000066e800000| Complete 
| 440|0x000000066ec00000, 0x000000066f000000, 0x000000066f000000|100%|HC|  |TAMS 0x000000066f000000, 0x000000066ec00000| Complete 
| 441|0x000000066f000000, 0x000000066f400000, 0x000000066f400000|100%|HC|  |TAMS 0x000000066f400000, 0x000000066f000000| Complete 
| 442|0x000000066f400000, 0x000000066f800000, 0x000000066f800000|100%|HC|  |TAMS 0x000000066f800000, 0x000000066f400000| Complete 
| 443|0x000000066f800000, 0x000000066fc00000, 0x000000066fc00000|100%|HC|  |TAMS 0x000000066fc00000, 0x000000066f800000| Complete 
| 444|0x000000066fc00000, 0x0000000670000000, 0x0000000670000000|100%|HC|  |TAMS 0x0000000670000000, 0x000000066fc00000| Complete 
| 445|0x0000000670000000, 0x0000000670400000, 0x0000000670400000|100%|HC|  |TAMS 0x0000000670400000, 0x0000000670000000| Complete 
| 446|0x0000000670400000, 0x0000000670800000, 0x0000000670800000|100%|HC|  |TAMS 0x0000000670800000, 0x0000000670400000| Complete 
| 447|0x0000000670800000, 0x0000000670c00000, 0x0000000670c00000|100%|HC|  |TAMS 0x0000000670c00000, 0x0000000670800000| Complete 
| 448|0x0000000670c00000, 0x0000000671000000, 0x0000000671000000|100%|HC|  |TAMS 0x0000000671000000, 0x0000000670c00000| Complete 
| 449|0x0000000671000000, 0x0000000671400000, 0x0000000671400000|100%|HC|  |TAMS 0x0000000671400000, 0x0000000671000000| Complete 
| 450|0x0000000671400000, 0x0000000671800000, 0x0000000671800000|100%|HC|  |TAMS 0x0000000671800000, 0x0000000671400000| Complete 
| 451|0x0000000671800000, 0x0000000671c00000, 0x0000000671c00000|100%|HC|  |TAMS 0x0000000671c00000, 0x0000000671800000| Complete 
| 452|0x0000000671c00000, 0x0000000672000000, 0x0000000672000000|100%|HC|  |TAMS 0x0000000672000000, 0x0000000671c00000| Complete 
| 453|0x0000000672000000, 0x0000000672400000, 0x0000000672400000|100%|HC|  |TAMS 0x0000000672400000, 0x0000000672000000| Complete 
| 454|0x0000000672400000, 0x0000000672800000, 0x0000000672800000|100%|HC|  |TAMS 0x0000000672800000, 0x0000000672400000| Complete 
| 455|0x0000000672800000, 0x0000000672c00000, 0x0000000672c00000|100%|HC|  |TAMS 0x0000000672c00000, 0x0000000672800000| Complete 
| 456|0x0000000672c00000, 0x0000000673000000, 0x0000000673000000|100%|HC|  |TAMS 0x0000000673000000, 0x0000000672c00000| Complete 
| 457|0x0000000673000000, 0x0000000673400000, 0x0000000673400000|100%|HS|  |TAMS 0x0000000673400000, 0x0000000673000000| Complete 
| 458|0x0000000673400000, 0x0000000673800000, 0x0000000673800000|100%|HC|  |TAMS 0x0000000673800000, 0x0000000673400000| Complete 
| 459|0x0000000673800000, 0x0000000673c00000, 0x0000000673c00000|100%|HC|  |TAMS 0x0000000673c00000, 0x0000000673800000| Complete 
| 460|0x0000000673c00000, 0x0000000674000000, 0x0000000674000000|100%|HC|  |TAMS 0x0000000674000000, 0x0000000673c00000| Complete 
| 461|0x0000000674000000, 0x0000000674400000, 0x0000000674400000|100%|HC|  |TAMS 0x0000000674400000, 0x0000000674000000| Complete 
| 462|0x0000000674400000, 0x0000000674800000, 0x0000000674800000|100%|HC|  |TAMS 0x0000000674800000, 0x0000000674400000| Complete 
| 463|0x0000000674800000, 0x0000000674c00000, 0x0000000674c00000|100%|HC|  |TAMS 0x0000000674c00000, 0x0000000674800000| Complete 
| 464|0x0000000674c00000, 0x0000000675000000, 0x0000000675000000|100%|HC|  |TAMS 0x0000000675000000, 0x0000000674c00000| Complete 
| 465|0x0000000675000000, 0x0000000675400000, 0x0000000675400000|100%|HC|  |TAMS 0x0000000675400000, 0x0000000675000000| Complete 
| 466|0x0000000675400000, 0x0000000675800000, 0x0000000675800000|100%|HC|  |TAMS 0x0000000675800000, 0x0000000675400000| Complete 
| 467|0x0000000675800000, 0x0000000675c00000, 0x0000000675c00000|100%|HC|  |TAMS 0x0000000675c00000, 0x0000000675800000| Complete 
| 468|0x0000000675c00000, 0x0000000676000000, 0x0000000676000000|100%|HS|  |TAMS 0x0000000676000000, 0x0000000675c00000| Complete 
| 469|0x0000000676000000, 0x0000000676400000, 0x0000000676400000|100%|HC|  |TAMS 0x0000000676400000, 0x0000000676000000| Complete 
| 470|0x0000000676400000, 0x0000000676800000, 0x0000000676800000|100%|HC|  |TAMS 0x0000000676800000, 0x0000000676400000| Complete 
| 471|0x0000000676800000, 0x0000000676c00000, 0x0000000676c00000|100%|HC|  |TAMS 0x0000000676c00000, 0x0000000676800000| Complete 
| 472|0x0000000676c00000, 0x0000000677000000, 0x0000000677000000|100%|HC|  |TAMS 0x0000000677000000, 0x0000000676c00000| Complete 
| 473|0x0000000677000000, 0x0000000677400000, 0x0000000677400000|100%|HC|  |TAMS 0x0000000677400000, 0x0000000677000000| Complete 
| 474|0x0000000677400000, 0x0000000677800000, 0x0000000677800000|100%|HC|  |TAMS 0x0000000677800000, 0x0000000677400000| Complete 
| 475|0x0000000677800000, 0x0000000677c00000, 0x0000000677c00000|100%|HS|  |TAMS 0x0000000677c00000, 0x0000000677800000| Complete 
| 476|0x0000000677c00000, 0x0000000678000000, 0x0000000678000000|100%|HS|  |TAMS 0x0000000678000000, 0x0000000677c00000| Complete 
| 477|0x0000000678000000, 0x0000000678400000, 0x0000000678400000|100%|HS|  |TAMS 0x0000000678400000, 0x0000000678000000| Complete 
| 478|0x0000000678400000, 0x0000000678800000, 0x0000000678800000|100%|HS|  |TAMS 0x0000000678800000, 0x0000000678400000| Complete 
| 479|0x0000000678800000, 0x0000000678c00000, 0x0000000678c00000|100%|HS|  |TAMS 0x0000000678c00000, 0x0000000678800000| Complete 
| 480|0x0000000678c00000, 0x0000000679000000, 0x0000000679000000|100%|HS|  |TAMS 0x0000000679000000, 0x0000000678c00000| Complete 
| 481|0x0000000679000000, 0x0000000679400000, 0x0000000679400000|100%|HS|  |TAMS 0x0000000679400000, 0x0000000679000000| Complete 
| 482|0x0000000679400000, 0x0000000679800000, 0x0000000679800000|100%|HS|  |TAMS 0x0000000679800000, 0x0000000679400000| Complete 
| 483|0x0000000679800000, 0x0000000679c00000, 0x0000000679c00000|100%|HS|  |TAMS 0x0000000679c00000, 0x0000000679800000| Complete 
| 484|0x0000000679c00000, 0x000000067a000000, 0x000000067a000000|100%|HS|  |TAMS 0x000000067a000000, 0x0000000679c00000| Complete 
| 485|0x000000067a000000, 0x000000067a400000, 0x000000067a400000|100%|HS|  |TAMS 0x000000067a400000, 0x000000067a000000| Complete 
| 486|0x000000067a400000, 0x000000067a800000, 0x000000067a800000|100%|HS|  |TAMS 0x000000067a800000, 0x000000067a400000| Complete 
| 487|0x000000067a800000, 0x000000067ac00000, 0x000000067ac00000|100%|HS|  |TAMS 0x000000067ac00000, 0x000000067a800000| Complete 
| 488|0x000000067ac00000, 0x000000067b000000, 0x000000067b000000|100%|HS|  |TAMS 0x000000067b000000, 0x000000067ac00000| Complete 
| 489|0x000000067b000000, 0x000000067b400000, 0x000000067b400000|100%|HC|  |TAMS 0x000000067b400000, 0x000000067b000000| Complete 
| 490|0x000000067b400000, 0x000000067b800000, 0x000000067b800000|100%|HS|  |TAMS 0x000000067b800000, 0x000000067b400000| Complete 
| 491|0x000000067b800000, 0x000000067bc00000, 0x000000067bc00000|100%|HC|  |TAMS 0x000000067bc00000, 0x000000067b800000| Complete 
| 492|0x000000067bc00000, 0x000000067c000000, 0x000000067c000000|100%| O|  |TAMS 0x000000067c000000, 0x000000067bc00000| Updating 
| 493|0x000000067c000000, 0x000000067c400000, 0x000000067c400000|100%| O|  |TAMS 0x000000067c400000, 0x000000067c000000| Untracked 
| 494|0x000000067c400000, 0x000000067c800000, 0x000000067c800000|100%| O|  |TAMS 0x000000067c800000, 0x000000067c400000| Untracked 
| 495|0x000000067c800000, 0x000000067cc00000, 0x000000067cc00000|100%| O|  |TAMS 0x000000067cc00000, 0x000000067c800000| Updating 
| 496|0x000000067cc00000, 0x000000067d000000, 0x000000067d000000|100%| O|  |TAMS 0x000000067d000000, 0x000000067cc00000| Untracked 
| 497|0x000000067d000000, 0x000000067d400000, 0x000000067d400000|100%| O|  |TAMS 0x000000067d400000, 0x000000067d000000| Untracked 
| 498|0x000000067d400000, 0x000000067d800000, 0x000000067d800000|100%| O|  |TAMS 0x000000067d800000, 0x000000067d400000| Updating 
| 499|0x000000067d800000, 0x000000067dc00000, 0x000000067dc00000|100%| O|  |TAMS 0x000000067dc00000, 0x000000067d800000| Updating 
| 500|0x000000067dc00000, 0x000000067e000000, 0x000000067e000000|100%| O|  |TAMS 0x000000067e000000, 0x000000067dc00000| Untracked 
| 501|0x000000067e000000, 0x000000067e400000, 0x000000067e400000|100%| O|  |TAMS 0x000000067e400000, 0x000000067e000000| Untracked 
| 502|0x000000067e400000, 0x000000067e400000, 0x000000067e800000|  0%| F|  |TAMS 0x000000067e400000, 0x000000067e400000| Untracked 
| 503|0x000000067e800000, 0x000000067ec00000, 0x000000067ec00000|100%| O|  |TAMS 0x000000067ec00000, 0x000000067e800000| Untracked 
| 504|0x000000067ec00000, 0x000000067f000000, 0x000000067f000000|100%| O|  |TAMS 0x000000067f000000, 0x000000067ec00000| Updating 
| 505|0x000000067f000000, 0x000000067f400000, 0x000000067f400000|100%| O|  |TAMS 0x000000067f400000, 0x000000067f000000| Untracked 
| 506|0x000000067f400000, 0x000000067f800000, 0x000000067f800000|100%| O|  |TAMS 0x000000067f800000, 0x000000067f400000| Untracked 
| 507|0x000000067f800000, 0x000000067fc00000, 0x000000067fc00000|100%| O|  |TAMS 0x000000067fc00000, 0x000000067f800000| Untracked 
| 508|0x000000067fc00000, 0x0000000680000000, 0x0000000680000000|100%| O|  |TAMS 0x0000000680000000, 0x000000067fc00000| Untracked 
| 509|0x0000000680000000, 0x0000000680400000, 0x0000000680400000|100%| O|  |TAMS 0x0000000680400000, 0x0000000680000000| Untracked 
| 510|0x0000000680400000, 0x0000000680800000, 0x0000000680800000|100%| O|  |TAMS 0x0000000680800000, 0x0000000680400000| Untracked 
| 511|0x0000000680800000, 0x0000000680c00000, 0x0000000680c00000|100%| O|  |TAMS 0x0000000680c00000, 0x0000000680800000| Updating 
| 512|0x0000000680c00000, 0x0000000681000000, 0x0000000681000000|100%|HS|  |TAMS 0x0000000681000000, 0x0000000680c00000| Complete 
| 513|0x0000000681000000, 0x0000000681400000, 0x0000000681400000|100%|HC|  |TAMS 0x0000000681400000, 0x0000000681000000| Complete 
| 514|0x0000000681400000, 0x0000000681800000, 0x0000000681800000|100%| O|  |TAMS 0x0000000681800000, 0x0000000681400000| Updating 
| 515|0x0000000681800000, 0x0000000681c00000, 0x0000000681c00000|100%| O|  |TAMS 0x0000000681c00000, 0x0000000681800000| Untracked 
| 516|0x0000000681c00000, 0x0000000682000000, 0x0000000682000000|100%|HS|  |TAMS 0x0000000682000000, 0x0000000681c00000| Complete 
| 517|0x0000000682000000, 0x0000000682400000, 0x0000000682400000|100%|HC|  |TAMS 0x0000000682400000, 0x0000000682000000| Complete 
| 518|0x0000000682400000, 0x0000000682800000, 0x0000000682800000|100%|HS|  |TAMS 0x0000000682800000, 0x0000000682400000| Complete 
| 519|0x0000000682800000, 0x0000000682c00000, 0x0000000682c00000|100%|HC|  |TAMS 0x0000000682c00000, 0x0000000682800000| Complete 
| 520|0x0000000682c00000, 0x0000000683000000, 0x0000000683000000|100%|HC|  |TAMS 0x0000000683000000, 0x0000000682c00000| Complete 
| 521|0x0000000683000000, 0x0000000683400000, 0x0000000683400000|100%|HC|  |TAMS 0x0000000683400000, 0x0000000683000000| Complete 
| 522|0x0000000683400000, 0x0000000683800000, 0x0000000683800000|100%|HC|  |TAMS 0x0000000683800000, 0x0000000683400000| Complete 
| 523|0x0000000683800000, 0x0000000683c00000, 0x0000000683c00000|100%|HC|  |TAMS 0x0000000683c00000, 0x0000000683800000| Complete 
| 524|0x0000000683c00000, 0x0000000684000000, 0x0000000684000000|100%|HC|  |TAMS 0x0000000684000000, 0x0000000683c00000| Complete 
| 525|0x0000000684000000, 0x0000000684400000, 0x0000000684400000|100%|HC|  |TAMS 0x0000000684400000, 0x0000000684000000| Complete 
| 526|0x0000000684400000, 0x0000000684800000, 0x0000000684800000|100%|HC|  |TAMS 0x0000000684800000, 0x0000000684400000| Complete 
| 527|0x0000000684800000, 0x0000000684c00000, 0x0000000684c00000|100%|HC|  |TAMS 0x0000000684c00000, 0x0000000684800000| Complete 
| 528|0x0000000684c00000, 0x0000000685000000, 0x0000000685000000|100%|HC|  |TAMS 0x0000000685000000, 0x0000000684c00000| Complete 
| 529|0x0000000685000000, 0x0000000685400000, 0x0000000685400000|100%|HC|  |TAMS 0x0000000685400000, 0x0000000685000000| Complete 
| 530|0x0000000685400000, 0x0000000685800000, 0x0000000685800000|100%|HC|  |TAMS 0x0000000685800000, 0x0000000685400000| Complete 
| 531|0x0000000685800000, 0x0000000685c00000, 0x0000000685c00000|100%|HS|  |TAMS 0x0000000685c00000, 0x0000000685800000| Complete 
| 532|0x0000000685c00000, 0x0000000686000000, 0x0000000686000000|100%|HC|  |TAMS 0x0000000686000000, 0x0000000685c00000| Complete 
| 533|0x0000000686000000, 0x0000000686400000, 0x0000000686400000|100%|HC|  |TAMS 0x0000000686400000, 0x0000000686000000| Complete 
| 534|0x0000000686400000, 0x0000000686800000, 0x0000000686800000|100%| O|  |TAMS 0x0000000686800000, 0x0000000686400000| Untracked 
| 535|0x0000000686800000, 0x0000000686c00000, 0x0000000686c00000|100%| O|  |TAMS 0x0000000686c00000, 0x0000000686800000| Untracked 
| 536|0x0000000686c00000, 0x0000000687000000, 0x0000000687000000|100%| O|  |TAMS 0x0000000687000000, 0x0000000686c00000| Untracked 
| 537|0x0000000687000000, 0x0000000687400000, 0x0000000687400000|100%| O|  |TAMS 0x0000000687400000, 0x0000000687000000| Untracked 
| 538|0x0000000687400000, 0x0000000687800000, 0x0000000687800000|100%| O|  |TAMS 0x0000000687800000, 0x0000000687400000| Untracked 
| 539|0x0000000687800000, 0x0000000687c00000, 0x0000000687c00000|100%|HS|  |TAMS 0x0000000687c00000, 0x0000000687800000| Complete 
| 540|0x0000000687c00000, 0x0000000688000000, 0x0000000688000000|100%|HS|  |TAMS 0x0000000688000000, 0x0000000687c00000| Complete 
| 541|0x0000000688000000, 0x0000000688400000, 0x0000000688400000|100%|HS|  |TAMS 0x0000000688400000, 0x0000000688000000| Complete 
| 542|0x0000000688400000, 0x0000000688800000, 0x0000000688800000|100%|HS|  |TAMS 0x0000000688800000, 0x0000000688400000| Complete 
| 543|0x0000000688800000, 0x0000000688c00000, 0x0000000688c00000|100%|HS|  |TAMS 0x0000000688c00000, 0x0000000688800000| Complete 
| 544|0x0000000688c00000, 0x0000000689000000, 0x0000000689000000|100%|HS|  |TAMS 0x0000000689000000, 0x0000000688c00000| Complete 
| 545|0x0000000689000000, 0x0000000689400000, 0x0000000689400000|100%|HS|  |TAMS 0x0000000689400000, 0x0000000689000000| Complete 
| 546|0x0000000689400000, 0x0000000689800000, 0x0000000689800000|100%|HS|  |TAMS 0x0000000689800000, 0x0000000689400000| Complete 
| 547|0x0000000689800000, 0x0000000689c00000, 0x0000000689c00000|100%|HS|  |TAMS 0x0000000689c00000, 0x0000000689800000| Complete 
| 548|0x0000000689c00000, 0x000000068a000000, 0x000000068a000000|100%|HC|  |TAMS 0x000000068a000000, 0x0000000689c00000| Complete 
| 549|0x000000068a000000, 0x000000068a400000, 0x000000068a400000|100%|HS|  |TAMS 0x000000068a400000, 0x000000068a000000| Complete 
| 550|0x000000068a400000, 0x000000068a800000, 0x000000068a800000|100%|HS|  |TAMS 0x000000068a800000, 0x000000068a400000| Complete 
| 551|0x000000068a800000, 0x000000068ac00000, 0x000000068ac00000|100%|HS|  |TAMS 0x000000068ac00000, 0x000000068a800000| Complete 
| 552|0x000000068ac00000, 0x000000068b000000, 0x000000068b000000|100%|HS|  |TAMS 0x000000068b000000, 0x000000068ac00000| Complete 
| 553|0x000000068b000000, 0x000000068b400000, 0x000000068b400000|100%|HS|  |TAMS 0x000000068b400000, 0x000000068b000000| Complete 
| 554|0x000000068b400000, 0x000000068b800000, 0x000000068b800000|100%|HC|  |TAMS 0x000000068b800000, 0x000000068b400000| Complete 
| 555|0x000000068b800000, 0x000000068bc00000, 0x000000068bc00000|100%|HC|  |TAMS 0x000000068bc00000, 0x000000068b800000| Complete 
| 556|0x000000068bc00000, 0x000000068c000000, 0x000000068c000000|100%|HC|  |TAMS 0x000000068c000000, 0x000000068bc00000| Complete 
| 557|0x000000068c000000, 0x000000068c400000, 0x000000068c400000|100%|HC|  |TAMS 0x000000068c400000, 0x000000068c000000| Complete 
| 558|0x000000068c400000, 0x000000068c800000, 0x000000068c800000|100%|HC|  |TAMS 0x000000068c800000, 0x000000068c400000| Complete 
| 559|0x000000068c800000, 0x000000068cc00000, 0x000000068cc00000|100%|HC|  |TAMS 0x000000068cc00000, 0x000000068c800000| Complete 
| 560|0x000000068cc00000, 0x000000068d000000, 0x000000068d000000|100%|HC|  |TAMS 0x000000068d000000, 0x000000068cc00000| Complete 
| 561|0x000000068d000000, 0x000000068d400000, 0x000000068d400000|100%|HC|  |TAMS 0x000000068d400000, 0x000000068d000000| Complete 
| 562|0x000000068d400000, 0x000000068d800000, 0x000000068d800000|100%|HC|  |TAMS 0x000000068d800000, 0x000000068d400000| Complete 
| 563|0x000000068d800000, 0x000000068dc00000, 0x000000068dc00000|100%|HC|  |TAMS 0x000000068dc00000, 0x000000068d800000| Complete 
| 564|0x000000068dc00000, 0x000000068e000000, 0x000000068e000000|100%|HC|  |TAMS 0x000000068e000000, 0x000000068dc00000| Complete 
| 565|0x000000068e000000, 0x000000068e400000, 0x000000068e400000|100%|HS|  |TAMS 0x000000068e400000, 0x000000068e000000| Complete 
| 566|0x000000068e400000, 0x000000068e800000, 0x000000068e800000|100%|HS|  |TAMS 0x000000068e800000, 0x000000068e400000| Complete 
| 567|0x000000068e800000, 0x000000068ec00000, 0x000000068ec00000|100%|HS|  |TAMS 0x000000068ec00000, 0x000000068e800000| Complete 
| 568|0x000000068ec00000, 0x000000068f000000, 0x000000068f000000|100%|HS|  |TAMS 0x000000068f000000, 0x000000068ec00000| Complete 
| 569|0x000000068f000000, 0x000000068f400000, 0x000000068f400000|100%|HC|  |TAMS 0x000000068f400000, 0x000000068f000000| Complete 
| 570|0x000000068f400000, 0x000000068f800000, 0x000000068f800000|100%|HS|  |TAMS 0x000000068f800000, 0x000000068f400000| Complete 
| 571|0x000000068f800000, 0x000000068fc00000, 0x000000068fc00000|100%|HS|  |TAMS 0x000000068fc00000, 0x000000068f800000| Complete 
| 572|0x000000068fc00000, 0x0000000690000000, 0x0000000690000000|100%|HS|  |TAMS 0x0000000690000000, 0x000000068fc00000| Complete 
| 573|0x0000000690000000, 0x0000000690400000, 0x0000000690400000|100%|HS|  |TAMS 0x0000000690400000, 0x0000000690000000| Complete 
| 574|0x0000000690400000, 0x0000000690800000, 0x0000000690800000|100%|HC|  |TAMS 0x0000000690800000, 0x0000000690400000| Complete 
| 575|0x0000000690800000, 0x0000000690c00000, 0x0000000690c00000|100%|HS|  |TAMS 0x0000000690c00000, 0x0000000690800000| Complete 
| 576|0x0000000690c00000, 0x0000000691000000, 0x0000000691000000|100%|HC|  |TAMS 0x0000000691000000, 0x0000000690c00000| Complete 
| 577|0x0000000691000000, 0x0000000691400000, 0x0000000691400000|100%|HS|  |TAMS 0x0000000691400000, 0x0000000691000000| Complete 
| 578|0x0000000691400000, 0x0000000691800000, 0x0000000691800000|100%|HC|  |TAMS 0x0000000691800000, 0x0000000691400000| Complete 
| 579|0x0000000691800000, 0x0000000691c00000, 0x0000000691c00000|100%|HC|  |TAMS 0x0000000691c00000, 0x0000000691800000| Complete 
| 580|0x0000000691c00000, 0x0000000692000000, 0x0000000692000000|100%|HC|  |TAMS 0x0000000692000000, 0x0000000691c00000| Complete 
| 581|0x0000000692000000, 0x0000000692400000, 0x0000000692400000|100%|HC|  |TAMS 0x0000000692400000, 0x0000000692000000| Complete 
| 582|0x0000000692400000, 0x0000000692800000, 0x0000000692800000|100%|HC|  |TAMS 0x0000000692800000, 0x0000000692400000| Complete 
| 583|0x0000000692800000, 0x0000000692c00000, 0x0000000692c00000|100%|HC|  |TAMS 0x0000000692c00000, 0x0000000692800000| Complete 
| 584|0x0000000692c00000, 0x0000000693000000, 0x0000000693000000|100%|HC|  |TAMS 0x0000000693000000, 0x0000000692c00000| Complete 
| 585|0x0000000693000000, 0x0000000693400000, 0x0000000693400000|100%|HC|  |TAMS 0x0000000693400000, 0x0000000693000000| Complete 
| 586|0x0000000693400000, 0x0000000693800000, 0x0000000693800000|100%|HC|  |TAMS 0x0000000693800000, 0x0000000693400000| Complete 
| 587|0x0000000693800000, 0x0000000693c00000, 0x0000000693c00000|100%|HC|  |TAMS 0x0000000693c00000, 0x0000000693800000| Complete 
| 588|0x0000000693c00000, 0x0000000694000000, 0x0000000694000000|100%|HC|  |TAMS 0x0000000694000000, 0x0000000693c00000| Complete 
| 589|0x0000000694000000, 0x0000000694400000, 0x0000000694400000|100%|HC|  |TAMS 0x0000000694400000, 0x0000000694000000| Complete 
| 590|0x0000000694400000, 0x0000000694800000, 0x0000000694800000|100%|HC|  |TAMS 0x0000000694800000, 0x0000000694400000| Complete 
| 591|0x0000000694800000, 0x0000000694c00000, 0x0000000694c00000|100%|HC|  |TAMS 0x0000000694c00000, 0x0000000694800000| Complete 
| 592|0x0000000694c00000, 0x0000000695000000, 0x0000000695000000|100%|HC|  |TAMS 0x0000000695000000, 0x0000000694c00000| Complete 
| 593|0x0000000695000000, 0x0000000695400000, 0x0000000695400000|100%|HC|  |TAMS 0x0000000695400000, 0x0000000695000000| Complete 
| 594|0x0000000695400000, 0x0000000695800000, 0x0000000695800000|100%|HC|  |TAMS 0x0000000695800000, 0x0000000695400000| Complete 
| 595|0x0000000695800000, 0x0000000695c00000, 0x0000000695c00000|100%|HC|  |TAMS 0x0000000695c00000, 0x0000000695800000| Complete 
| 596|0x0000000695c00000, 0x0000000696000000, 0x0000000696000000|100%|HS|  |TAMS 0x0000000696000000, 0x0000000695c00000| Complete 
| 597|0x0000000696000000, 0x0000000696400000, 0x0000000696400000|100%|HC|  |TAMS 0x0000000696400000, 0x0000000696000000| Complete 
| 598|0x0000000696400000, 0x0000000696800000, 0x0000000696800000|100%|HC|  |TAMS 0x0000000696800000, 0x0000000696400000| Complete 
| 599|0x0000000696800000, 0x0000000696c00000, 0x0000000696c00000|100%|HC|  |TAMS 0x0000000696c00000, 0x0000000696800000| Complete 
| 600|0x0000000696c00000, 0x0000000697000000, 0x0000000697000000|100%|HC|  |TAMS 0x0000000697000000, 0x0000000696c00000| Complete 
| 601|0x0000000697000000, 0x0000000697400000, 0x0000000697400000|100%|HC|  |TAMS 0x0000000697400000, 0x0000000697000000| Complete 
| 602|0x0000000697400000, 0x0000000697800000, 0x0000000697800000|100%|HC|  |TAMS 0x0000000697800000, 0x0000000697400000| Complete 
| 603|0x0000000697800000, 0x0000000697c00000, 0x0000000697c00000|100%|HC|  |TAMS 0x0000000697c00000, 0x0000000697800000| Complete 
| 604|0x0000000697c00000, 0x0000000698000000, 0x0000000698000000|100%|HS|  |TAMS 0x0000000698000000, 0x0000000697c00000| Complete 
| 605|0x0000000698000000, 0x0000000698400000, 0x0000000698400000|100%|HS|  |TAMS 0x0000000698400000, 0x0000000698000000| Complete 
| 606|0x0000000698400000, 0x0000000698800000, 0x0000000698800000|100%|HC|  |TAMS 0x0000000698800000, 0x0000000698400000| Complete 
| 607|0x0000000698800000, 0x0000000698c00000, 0x0000000698c00000|100%|HC|  |TAMS 0x0000000698c00000, 0x0000000698800000| Complete 
| 608|0x0000000698c00000, 0x0000000699000000, 0x0000000699000000|100%|HC|  |TAMS 0x0000000699000000, 0x0000000698c00000| Complete 
| 609|0x0000000699000000, 0x0000000699400000, 0x0000000699400000|100%|HC|  |TAMS 0x0000000699400000, 0x0000000699000000| Complete 
| 610|0x0000000699400000, 0x0000000699800000, 0x0000000699800000|100%|HC|  |TAMS 0x0000000699800000, 0x0000000699400000| Complete 
| 611|0x0000000699800000, 0x0000000699c00000, 0x0000000699c00000|100%|HC|  |TAMS 0x0000000699c00000, 0x0000000699800000| Complete 
| 612|0x0000000699c00000, 0x000000069a000000, 0x000000069a000000|100%|HC|  |TAMS 0x000000069a000000, 0x0000000699c00000| Complete 
| 613|0x000000069a000000, 0x000000069a400000, 0x000000069a400000|100%|HC|  |TAMS 0x000000069a400000, 0x000000069a000000| Complete 
| 614|0x000000069a400000, 0x000000069a400000, 0x000000069a800000|  0%| F|  |TAMS 0x000000069a400000, 0x000000069a400000| Untracked 
| 615|0x000000069a800000, 0x000000069a800000, 0x000000069ac00000|  0%| F|  |TAMS 0x000000069a800000, 0x000000069a800000| Untracked 
| 616|0x000000069ac00000, 0x000000069ac00000, 0x000000069b000000|  0%| F|  |TAMS 0x000000069ac00000, 0x000000069ac00000| Untracked 
| 617|0x000000069b000000, 0x000000069b400000, 0x000000069b400000|100%|HS|  |TAMS 0x000000069b400000, 0x000000069b000000| Complete 
| 618|0x000000069b400000, 0x000000069b800000, 0x000000069b800000|100%|HC|  |TAMS 0x000000069b800000, 0x000000069b400000| Complete 
| 619|0x000000069b800000, 0x000000069bc00000, 0x000000069bc00000|100%|HS|  |TAMS 0x000000069bc00000, 0x000000069b800000| Complete 
| 620|0x000000069bc00000, 0x000000069c000000, 0x000000069c000000|100%|HC|  |TAMS 0x000000069c000000, 0x000000069bc00000| Complete 
| 621|0x000000069c000000, 0x000000069c400000, 0x000000069c400000|100%|HC|  |TAMS 0x000000069c400000, 0x000000069c000000| Complete 
| 622|0x000000069c400000, 0x000000069c800000, 0x000000069c800000|100%|HS|  |TAMS 0x000000069c800000, 0x000000069c400000| Complete 
| 623|0x000000069c800000, 0x000000069cc00000, 0x000000069cc00000|100%|HS|  |TAMS 0x000000069cc00000, 0x000000069c800000| Complete 
| 624|0x000000069cc00000, 0x000000069d000000, 0x000000069d000000|100%|HC|  |TAMS 0x000000069d000000, 0x000000069cc00000| Complete 
| 625|0x000000069d000000, 0x000000069d400000, 0x000000069d400000|100%|HC|  |TAMS 0x000000069d400000, 0x000000069d000000| Complete 
| 626|0x000000069d400000, 0x000000069d800000, 0x000000069d800000|100%|HS|  |TAMS 0x000000069d800000, 0x000000069d400000| Complete 
| 627|0x000000069d800000, 0x000000069dc00000, 0x000000069dc00000|100%|HC|  |TAMS 0x000000069dc00000, 0x000000069d800000| Complete 
| 628|0x000000069dc00000, 0x000000069e000000, 0x000000069e000000|100%|HC|  |TAMS 0x000000069e000000, 0x000000069dc00000| Complete 
| 629|0x000000069e000000, 0x000000069e400000, 0x000000069e400000|100%|HS|  |TAMS 0x000000069e400000, 0x000000069e000000| Complete 
| 630|0x000000069e400000, 0x000000069e800000, 0x000000069e800000|100%|HS|  |TAMS 0x000000069e800000, 0x000000069e400000| Complete 
| 631|0x000000069e800000, 0x000000069ec00000, 0x000000069ec00000|100%|HS|  |TAMS 0x000000069ec00000, 0x000000069e800000| Complete 
| 632|0x000000069ec00000, 0x000000069f000000, 0x000000069f000000|100%|HS|  |TAMS 0x000000069f000000, 0x000000069ec00000| Complete 
| 633|0x000000069f000000, 0x000000069f400000, 0x000000069f400000|100%|HS|  |TAMS 0x000000069f400000, 0x000000069f000000| Complete 
| 634|0x000000069f400000, 0x000000069f800000, 0x000000069f800000|100%|HS|  |TAMS 0x000000069f800000, 0x000000069f400000| Complete 
| 635|0x000000069f800000, 0x000000069fc00000, 0x000000069fc00000|100%|HC|  |TAMS 0x000000069fc00000, 0x000000069f800000| Complete 
| 636|0x000000069fc00000, 0x00000006a0000000, 0x00000006a0000000|100%|HS|  |TAMS 0x00000006a0000000, 0x000000069fc00000| Complete 
| 637|0x00000006a0000000, 0x00000006a0400000, 0x00000006a0400000|100%|HC|  |TAMS 0x00000006a0400000, 0x00000006a0000000| Complete 
| 638|0x00000006a0400000, 0x00000006a0800000, 0x00000006a0800000|100%|HC|  |TAMS 0x00000006a0800000, 0x00000006a0400000| Complete 
| 639|0x00000006a0800000, 0x00000006a0c00000, 0x00000006a0c00000|100%|HC|  |TAMS 0x00000006a0c00000, 0x00000006a0800000| Complete 
| 640|0x00000006a0c00000, 0x00000006a1000000, 0x00000006a1000000|100%|HC|  |TAMS 0x00000006a1000000, 0x00000006a0c00000| Complete 
| 641|0x00000006a1000000, 0x00000006a1400000, 0x00000006a1400000|100%|HC|  |TAMS 0x00000006a1400000, 0x00000006a1000000| Complete 
| 642|0x00000006a1400000, 0x00000006a1800000, 0x00000006a1800000|100%|HC|  |TAMS 0x00000006a1800000, 0x00000006a1400000| Complete 
| 643|0x00000006a1800000, 0x00000006a1c00000, 0x00000006a1c00000|100%|HC|  |TAMS 0x00000006a1c00000, 0x00000006a1800000| Complete 
| 644|0x00000006a1c00000, 0x00000006a2000000, 0x00000006a2000000|100%|HC|  |TAMS 0x00000006a2000000, 0x00000006a1c00000| Complete 
| 645|0x00000006a2000000, 0x00000006a2400000, 0x00000006a2400000|100%|HS|  |TAMS 0x00000006a2400000, 0x00000006a2000000| Complete 
| 646|0x00000006a2400000, 0x00000006a2800000, 0x00000006a2800000|100%|HC|  |TAMS 0x00000006a2800000, 0x00000006a2400000| Complete 
| 647|0x00000006a2800000, 0x00000006a2c00000, 0x00000006a2c00000|100%|HC|  |TAMS 0x00000006a2c00000, 0x00000006a2800000| Complete 
| 648|0x00000006a2c00000, 0x00000006a3000000, 0x00000006a3000000|100%|HC|  |TAMS 0x00000006a3000000, 0x00000006a2c00000| Complete 
| 649|0x00000006a3000000, 0x00000006a3400000, 0x00000006a3400000|100%|HC|  |TAMS 0x00000006a3400000, 0x00000006a3000000| Complete 
| 650|0x00000006a3400000, 0x00000006a3800000, 0x00000006a3800000|100%|HC|  |TAMS 0x00000006a3800000, 0x00000006a3400000| Complete 
| 651|0x00000006a3800000, 0x00000006a3c00000, 0x00000006a3c00000|100%|HC|  |TAMS 0x00000006a3c00000, 0x00000006a3800000| Complete 
| 652|0x00000006a3c00000, 0x00000006a4000000, 0x00000006a4000000|100%|HC|  |TAMS 0x00000006a4000000, 0x00000006a3c00000| Complete 
| 653|0x00000006a4000000, 0x00000006a4400000, 0x00000006a4400000|100%|HC|  |TAMS 0x00000006a4400000, 0x00000006a4000000| Complete 
| 654|0x00000006a4400000, 0x00000006a4800000, 0x00000006a4800000|100%|HC|  |TAMS 0x00000006a4800000, 0x00000006a4400000| Complete 
| 655|0x00000006a4800000, 0x00000006a4c00000, 0x00000006a4c00000|100%|HC|  |TAMS 0x00000006a4c00000, 0x00000006a4800000| Complete 
| 656|0x00000006a4c00000, 0x00000006a5000000, 0x00000006a5000000|100%|HC|  |TAMS 0x00000006a5000000, 0x00000006a4c00000| Complete 
| 657|0x00000006a5000000, 0x00000006a5400000, 0x00000006a5400000|100%|HC|  |TAMS 0x00000006a5400000, 0x00000006a5000000| Complete 
| 658|0x00000006a5400000, 0x00000006a5800000, 0x00000006a5800000|100%|HS|  |TAMS 0x00000006a5800000, 0x00000006a5400000| Complete 
| 659|0x00000006a5800000, 0x00000006a5c00000, 0x00000006a5c00000|100%|HC|  |TAMS 0x00000006a5c00000, 0x00000006a5800000| Complete 
| 660|0x00000006a5c00000, 0x00000006a6000000, 0x00000006a6000000|100%|HC|  |TAMS 0x00000006a6000000, 0x00000006a5c00000| Complete 
| 661|0x00000006a6000000, 0x00000006a6400000, 0x00000006a6400000|100%|HC|  |TAMS 0x00000006a6400000, 0x00000006a6000000| Complete 
| 662|0x00000006a6400000, 0x00000006a6800000, 0x00000006a6800000|100%|HC|  |TAMS 0x00000006a6800000, 0x00000006a6400000| Complete 
| 663|0x00000006a6800000, 0x00000006a6c00000, 0x00000006a6c00000|100%|HC|  |TAMS 0x00000006a6c00000, 0x00000006a6800000| Complete 
| 664|0x00000006a6c00000, 0x00000006a7000000, 0x00000006a7000000|100%|HC|  |TAMS 0x00000006a7000000, 0x00000006a6c00000| Complete 
| 665|0x00000006a7000000, 0x00000006a7400000, 0x00000006a7400000|100%|HC|  |TAMS 0x00000006a7400000, 0x00000006a7000000| Complete 
| 666|0x00000006a7400000, 0x00000006a7800000, 0x00000006a7800000|100%|HC|  |TAMS 0x00000006a7800000, 0x00000006a7400000| Complete 
| 667|0x00000006a7800000, 0x00000006a7c00000, 0x00000006a7c00000|100%|HS|  |TAMS 0x00000006a7c00000, 0x00000006a7800000| Complete 
| 668|0x00000006a7c00000, 0x00000006a8000000, 0x00000006a8000000|100%|HC|  |TAMS 0x00000006a8000000, 0x00000006a7c00000| Complete 
| 669|0x00000006a8000000, 0x00000006a8400000, 0x00000006a8400000|100%|HC|  |TAMS 0x00000006a8400000, 0x00000006a8000000| Complete 
| 670|0x00000006a8400000, 0x00000006a8800000, 0x00000006a8800000|100%|HC|  |TAMS 0x00000006a8800000, 0x00000006a8400000| Complete 
| 671|0x00000006a8800000, 0x00000006a8c00000, 0x00000006a8c00000|100%|HC|  |TAMS 0x00000006a8c00000, 0x00000006a8800000| Complete 
| 672|0x00000006a8c00000, 0x00000006a9000000, 0x00000006a9000000|100%|HC|  |TAMS 0x00000006a9000000, 0x00000006a8c00000| Complete 
| 673|0x00000006a9000000, 0x00000006a9400000, 0x00000006a9400000|100%|HC|  |TAMS 0x00000006a9400000, 0x00000006a9000000| Complete 
| 674|0x00000006a9400000, 0x00000006a9800000, 0x00000006a9800000|100%|HC|  |TAMS 0x00000006a9800000, 0x00000006a9400000| Complete 
| 675|0x00000006a9800000, 0x00000006a9c00000, 0x00000006a9c00000|100%|HC|  |TAMS 0x00000006a9c00000, 0x00000006a9800000| Complete 
| 676|0x00000006a9c00000, 0x00000006aa000000, 0x00000006aa000000|100%|HS|  |TAMS 0x00000006aa000000, 0x00000006a9c00000| Complete 
| 677|0x00000006aa000000, 0x00000006aa400000, 0x00000006aa400000|100%|HC|  |TAMS 0x00000006aa400000, 0x00000006aa000000| Complete 
| 678|0x00000006aa400000, 0x00000006aa800000, 0x00000006aa800000|100%|HC|  |TAMS 0x00000006aa800000, 0x00000006aa400000| Complete 
| 679|0x00000006aa800000, 0x00000006aac00000, 0x00000006aac00000|100%|HC|  |TAMS 0x00000006aac00000, 0x00000006aa800000| Complete 
| 680|0x00000006aac00000, 0x00000006ab000000, 0x00000006ab000000|100%|HC|  |TAMS 0x00000006ab000000, 0x00000006aac00000| Complete 
| 681|0x00000006ab000000, 0x00000006ab400000, 0x00000006ab400000|100%|HC|  |TAMS 0x00000006ab400000, 0x00000006ab000000| Complete 
| 682|0x00000006ab400000, 0x00000006ab800000, 0x00000006ab800000|100%|HC|  |TAMS 0x00000006ab800000, 0x00000006ab400000| Complete 
| 683|0x00000006ab800000, 0x00000006abc00000, 0x00000006abc00000|100%|HC|  |TAMS 0x00000006abc00000, 0x00000006ab800000| Complete 
| 684|0x00000006abc00000, 0x00000006ac000000, 0x00000006ac000000|100%|HC|  |TAMS 0x00000006ac000000, 0x00000006abc00000| Complete 
| 685|0x00000006ac000000, 0x00000006ac400000, 0x00000006ac400000|100%|HC|  |TAMS 0x00000006ac400000, 0x00000006ac000000| Complete 
| 686|0x00000006ac400000, 0x00000006ac800000, 0x00000006ac800000|100%|HC|  |TAMS 0x00000006ac800000, 0x00000006ac400000| Complete 
| 687|0x00000006ac800000, 0x00000006acc00000, 0x00000006acc00000|100%|HC|  |TAMS 0x00000006acc00000, 0x00000006ac800000| Complete 
| 688|0x00000006acc00000, 0x00000006ad000000, 0x00000006ad000000|100%|HC|  |TAMS 0x00000006ad000000, 0x00000006acc00000| Complete 
| 689|0x00000006ad000000, 0x00000006ad400000, 0x00000006ad400000|100%|HS|  |TAMS 0x00000006ad400000, 0x00000006ad000000| Complete 
| 690|0x00000006ad400000, 0x00000006ad800000, 0x00000006ad800000|100%|HC|  |TAMS 0x00000006ad800000, 0x00000006ad400000| Complete 
| 691|0x00000006ad800000, 0x00000006adc00000, 0x00000006adc00000|100%|HC|  |TAMS 0x00000006adc00000, 0x00000006ad800000| Complete 
| 692|0x00000006adc00000, 0x00000006ae000000, 0x00000006ae000000|100%|HC|  |TAMS 0x00000006ae000000, 0x00000006adc00000| Complete 
| 693|0x00000006ae000000, 0x00000006ae400000, 0x00000006ae400000|100%|HC|  |TAMS 0x00000006ae400000, 0x00000006ae000000| Complete 
| 694|0x00000006ae400000, 0x00000006ae800000, 0x00000006ae800000|100%|HC|  |TAMS 0x00000006ae800000, 0x00000006ae400000| Complete 
| 695|0x00000006ae800000, 0x00000006aec00000, 0x00000006aec00000|100%|HC|  |TAMS 0x00000006aec00000, 0x00000006ae800000| Complete 
| 696|0x00000006aec00000, 0x00000006af000000, 0x00000006af000000|100%|HC|  |TAMS 0x00000006af000000, 0x00000006aec00000| Complete 
| 697|0x00000006af000000, 0x00000006af400000, 0x00000006af400000|100%|HC|  |TAMS 0x00000006af400000, 0x00000006af000000| Complete 
| 698|0x00000006af400000, 0x00000006af800000, 0x00000006af800000|100%|HC|  |TAMS 0x00000006af800000, 0x00000006af400000| Complete 
| 699|0x00000006af800000, 0x00000006afc00000, 0x00000006afc00000|100%|HC|  |TAMS 0x00000006afc00000, 0x00000006af800000| Complete 
| 700|0x00000006afc00000, 0x00000006b0000000, 0x00000006b0000000|100%|HC|  |TAMS 0x00000006b0000000, 0x00000006afc00000| Complete 
| 701|0x00000006b0000000, 0x00000006b0400000, 0x00000006b0400000|100%|HC|  |TAMS 0x00000006b0400000, 0x00000006b0000000| Complete 
| 702|0x00000006b0400000, 0x00000006b0800000, 0x00000006b0800000|100%|HC|  |TAMS 0x00000006b0800000, 0x00000006b0400000| Complete 
| 703|0x00000006b0800000, 0x00000006b0c00000, 0x00000006b0c00000|100%|HC|  |TAMS 0x00000006b0c00000, 0x00000006b0800000| Complete 
| 704|0x00000006b0c00000, 0x00000006b1000000, 0x00000006b1000000|100%|HS|  |TAMS 0x00000006b1000000, 0x00000006b0c00000| Complete 
| 705|0x00000006b1000000, 0x00000006b1400000, 0x00000006b1400000|100%|HC|  |TAMS 0x00000006b1400000, 0x00000006b1000000| Complete 
| 706|0x00000006b1400000, 0x00000006b1800000, 0x00000006b1800000|100%|HC|  |TAMS 0x00000006b1800000, 0x00000006b1400000| Complete 
| 707|0x00000006b1800000, 0x00000006b1c00000, 0x00000006b1c00000|100%|HC|  |TAMS 0x00000006b1c00000, 0x00000006b1800000| Complete 
| 708|0x00000006b1c00000, 0x00000006b2000000, 0x00000006b2000000|100%|HC|  |TAMS 0x00000006b2000000, 0x00000006b1c00000| Complete 
| 709|0x00000006b2000000, 0x00000006b2400000, 0x00000006b2400000|100%|HC|  |TAMS 0x00000006b2400000, 0x00000006b2000000| Complete 
| 710|0x00000006b2400000, 0x00000006b2800000, 0x00000006b2800000|100%|HC|  |TAMS 0x00000006b2800000, 0x00000006b2400000| Complete 
| 711|0x00000006b2800000, 0x00000006b2c00000, 0x00000006b2c00000|100%|HC|  |TAMS 0x00000006b2c00000, 0x00000006b2800000| Complete 
| 712|0x00000006b2c00000, 0x00000006b3000000, 0x00000006b3000000|100%|HC|  |TAMS 0x00000006b3000000, 0x00000006b2c00000| Complete 
| 713|0x00000006b3000000, 0x00000006b3400000, 0x00000006b3400000|100%|HC|  |TAMS 0x00000006b3400000, 0x00000006b3000000| Complete 
| 714|0x00000006b3400000, 0x00000006b3800000, 0x00000006b3800000|100%|HC|  |TAMS 0x00000006b3800000, 0x00000006b3400000| Complete 
| 715|0x00000006b3800000, 0x00000006b3c00000, 0x00000006b3c00000|100%|HC|  |TAMS 0x00000006b3c00000, 0x00000006b3800000| Complete 
| 716|0x00000006b3c00000, 0x00000006b4000000, 0x00000006b4000000|100%|HC|  |TAMS 0x00000006b4000000, 0x00000006b3c00000| Complete 
| 717|0x00000006b4000000, 0x00000006b4400000, 0x00000006b4400000|100%|HS|  |TAMS 0x00000006b4400000, 0x00000006b4000000| Complete 
| 718|0x00000006b4400000, 0x00000006b4800000, 0x00000006b4800000|100%|HC|  |TAMS 0x00000006b4800000, 0x00000006b4400000| Complete 
| 719|0x00000006b4800000, 0x00000006b4c00000, 0x00000006b4c00000|100%|HC|  |TAMS 0x00000006b4c00000, 0x00000006b4800000| Complete 
| 720|0x00000006b4c00000, 0x00000006b5000000, 0x00000006b5000000|100%|HC|  |TAMS 0x00000006b5000000, 0x00000006b4c00000| Complete 
| 721|0x00000006b5000000, 0x00000006b5400000, 0x00000006b5400000|100%|HC|  |TAMS 0x00000006b5400000, 0x00000006b5000000| Complete 
| 722|0x00000006b5400000, 0x00000006b5800000, 0x00000006b5800000|100%|HC|  |TAMS 0x00000006b5800000, 0x00000006b5400000| Complete 
| 723|0x00000006b5800000, 0x00000006b5c00000, 0x00000006b5c00000|100%|HC|  |TAMS 0x00000006b5c00000, 0x00000006b5800000| Complete 
| 724|0x00000006b5c00000, 0x00000006b6000000, 0x00000006b6000000|100%|HC|  |TAMS 0x00000006b6000000, 0x00000006b5c00000| Complete 
| 725|0x00000006b6000000, 0x00000006b6400000, 0x00000006b6400000|100%|HC|  |TAMS 0x00000006b6400000, 0x00000006b6000000| Complete 
| 726|0x00000006b6400000, 0x00000006b6800000, 0x00000006b6800000|100%|HS|  |TAMS 0x00000006b6800000, 0x00000006b6400000| Complete 
| 727|0x00000006b6800000, 0x00000006b6c00000, 0x00000006b6c00000|100%|HC|  |TAMS 0x00000006b6c00000, 0x00000006b6800000| Complete 
| 728|0x00000006b6c00000, 0x00000006b7000000, 0x00000006b7000000|100%|HC|  |TAMS 0x00000006b7000000, 0x00000006b6c00000| Complete 
| 729|0x00000006b7000000, 0x00000006b7400000, 0x00000006b7400000|100%|HC|  |TAMS 0x00000006b7400000, 0x00000006b7000000| Complete 
| 730|0x00000006b7400000, 0x00000006b7800000, 0x00000006b7800000|100%|HC|  |TAMS 0x00000006b7800000, 0x00000006b7400000| Complete 
| 731|0x00000006b7800000, 0x00000006b7c00000, 0x00000006b7c00000|100%|HC|  |TAMS 0x00000006b7c00000, 0x00000006b7800000| Complete 
| 732|0x00000006b7c00000, 0x00000006b8000000, 0x00000006b8000000|100%|HC|  |TAMS 0x00000006b8000000, 0x00000006b7c00000| Complete 
| 733|0x00000006b8000000, 0x00000006b8400000, 0x00000006b8400000|100%|HC|  |TAMS 0x00000006b8400000, 0x00000006b8000000| Complete 
| 734|0x00000006b8400000, 0x00000006b8800000, 0x00000006b8800000|100%|HC|  |TAMS 0x00000006b8800000, 0x00000006b8400000| Complete 
| 735|0x00000006b8800000, 0x00000006b8c00000, 0x00000006b8c00000|100%|HC|  |TAMS 0x00000006b8c00000, 0x00000006b8800000| Complete 
| 736|0x00000006b8c00000, 0x00000006b9000000, 0x00000006b9000000|100%|HC|  |TAMS 0x00000006b9000000, 0x00000006b8c00000| Complete 
| 737|0x00000006b9000000, 0x00000006b9400000, 0x00000006b9400000|100%|HC|  |TAMS 0x00000006b9400000, 0x00000006b9000000| Complete 
| 738|0x00000006b9400000, 0x00000006b9800000, 0x00000006b9800000|100%|HC|  |TAMS 0x00000006b9800000, 0x00000006b9400000| Complete 
| 739|0x00000006b9800000, 0x00000006b9c00000, 0x00000006b9c00000|100%|HS|  |TAMS 0x00000006b9c00000, 0x00000006b9800000| Complete 
| 740|0x00000006b9c00000, 0x00000006ba000000, 0x00000006ba000000|100%|HC|  |TAMS 0x00000006ba000000, 0x00000006b9c00000| Complete 
| 741|0x00000006ba000000, 0x00000006ba400000, 0x00000006ba400000|100%|HC|  |TAMS 0x00000006ba400000, 0x00000006ba000000| Complete 
| 742|0x00000006ba400000, 0x00000006ba800000, 0x00000006ba800000|100%|HC|  |TAMS 0x00000006ba800000, 0x00000006ba400000| Complete 
| 743|0x00000006ba800000, 0x00000006bac00000, 0x00000006bac00000|100%|HC|  |TAMS 0x00000006bac00000, 0x00000006ba800000| Complete 
| 744|0x00000006bac00000, 0x00000006bb000000, 0x00000006bb000000|100%|HC|  |TAMS 0x00000006bb000000, 0x00000006bac00000| Complete 
| 745|0x00000006bb000000, 0x00000006bb400000, 0x00000006bb400000|100%|HC|  |TAMS 0x00000006bb400000, 0x00000006bb000000| Complete 
| 746|0x00000006bb400000, 0x00000006bb800000, 0x00000006bb800000|100%|HC|  |TAMS 0x00000006bb800000, 0x00000006bb400000| Complete 
| 747|0x00000006bb800000, 0x00000006bbc00000, 0x00000006bbc00000|100%|HC|  |TAMS 0x00000006bbc00000, 0x00000006bb800000| Complete 
| 748|0x00000006bbc00000, 0x00000006bc000000, 0x00000006bc000000|100%|HC|  |TAMS 0x00000006bc000000, 0x00000006bbc00000| Complete 
| 749|0x00000006bc000000, 0x00000006bc400000, 0x00000006bc400000|100%|HC|  |TAMS 0x00000006bc400000, 0x00000006bc000000| Complete 
| 750|0x00000006bc400000, 0x00000006bc800000, 0x00000006bc800000|100%|HC|  |TAMS 0x00000006bc800000, 0x00000006bc400000| Complete 
| 751|0x00000006bc800000, 0x00000006bcc00000, 0x00000006bcc00000|100%|HC|  |TAMS 0x00000006bcc00000, 0x00000006bc800000| Complete 
| 752|0x00000006bcc00000, 0x00000006bd000000, 0x00000006bd000000|100%|HS|  |TAMS 0x00000006bd000000, 0x00000006bcc00000| Complete 
| 753|0x00000006bd000000, 0x00000006bd400000, 0x00000006bd400000|100%|HC|  |TAMS 0x00000006bd400000, 0x00000006bd000000| Complete 
| 754|0x00000006bd400000, 0x00000006bd800000, 0x00000006bd800000|100%|HC|  |TAMS 0x00000006bd800000, 0x00000006bd400000| Complete 
| 755|0x00000006bd800000, 0x00000006bdc00000, 0x00000006bdc00000|100%|HC|  |TAMS 0x00000006bdc00000, 0x00000006bd800000| Complete 
| 756|0x00000006bdc00000, 0x00000006be000000, 0x00000006be000000|100%|HC|  |TAMS 0x00000006be000000, 0x00000006bdc00000| Complete 
| 757|0x00000006be000000, 0x00000006be400000, 0x00000006be400000|100%|HC|  |TAMS 0x00000006be400000, 0x00000006be000000| Complete 
| 758|0x00000006be400000, 0x00000006be800000, 0x00000006be800000|100%|HC|  |TAMS 0x00000006be800000, 0x00000006be400000| Complete 
| 759|0x00000006be800000, 0x00000006bec00000, 0x00000006bec00000|100%|HC|  |TAMS 0x00000006bec00000, 0x00000006be800000| Complete 
| 760|0x00000006bec00000, 0x00000006bf000000, 0x00000006bf000000|100%|HC|  |TAMS 0x00000006bf000000, 0x00000006bec00000| Complete 
| 761|0x00000006bf000000, 0x00000006bf400000, 0x00000006bf400000|100%|HC|  |TAMS 0x00000006bf400000, 0x00000006bf000000| Complete 
| 762|0x00000006bf400000, 0x00000006bf800000, 0x00000006bf800000|100%|HC|  |TAMS 0x00000006bf800000, 0x00000006bf400000| Complete 
| 763|0x00000006bf800000, 0x00000006bfc00000, 0x00000006bfc00000|100%|HC|  |TAMS 0x00000006bfc00000, 0x00000006bf800000| Complete 
| 764|0x00000006bfc00000, 0x00000006c0000000, 0x00000006c0000000|100%|HC|  |TAMS 0x00000006c0000000, 0x00000006bfc00000| Complete 
| 765|0x00000006c0000000, 0x00000006c0400000, 0x00000006c0400000|100%|HS|  |TAMS 0x00000006c0400000, 0x00000006c0000000| Complete 
| 766|0x00000006c0400000, 0x00000006c0800000, 0x00000006c0800000|100%|HC|  |TAMS 0x00000006c0800000, 0x00000006c0400000| Complete 
| 767|0x00000006c0800000, 0x00000006c0c00000, 0x00000006c0c00000|100%|HC|  |TAMS 0x00000006c0c00000, 0x00000006c0800000| Complete 
| 768|0x00000006c0c00000, 0x00000006c1000000, 0x00000006c1000000|100%|HC|  |TAMS 0x00000006c1000000, 0x00000006c0c00000| Complete 
| 769|0x00000006c1000000, 0x00000006c1400000, 0x00000006c1400000|100%|HC|  |TAMS 0x00000006c1400000, 0x00000006c1000000| Complete 
| 770|0x00000006c1400000, 0x00000006c1800000, 0x00000006c1800000|100%|HC|  |TAMS 0x00000006c1800000, 0x00000006c1400000| Complete 
| 771|0x00000006c1800000, 0x00000006c1c00000, 0x00000006c1c00000|100%|HC|  |TAMS 0x00000006c1c00000, 0x00000006c1800000| Complete 
| 772|0x00000006c1c00000, 0x00000006c2000000, 0x00000006c2000000|100%|HC|  |TAMS 0x00000006c2000000, 0x00000006c1c00000| Complete 
| 773|0x00000006c2000000, 0x00000006c2400000, 0x00000006c2400000|100%|HS|  |TAMS 0x00000006c2400000, 0x00000006c2000000| Complete 
| 774|0x00000006c2400000, 0x00000006c2800000, 0x00000006c2800000|100%|HC|  |TAMS 0x00000006c2800000, 0x00000006c2400000| Complete 
| 775|0x00000006c2800000, 0x00000006c2c00000, 0x00000006c2c00000|100%|HS|  |TAMS 0x00000006c2c00000, 0x00000006c2800000| Complete 
| 776|0x00000006c2c00000, 0x00000006c3000000, 0x00000006c3000000|100%|HC|  |TAMS 0x00000006c3000000, 0x00000006c2c00000| Complete 
| 777|0x00000006c3000000, 0x00000006c3400000, 0x00000006c3400000|100%|HS|  |TAMS 0x00000006c3400000, 0x00000006c3000000| Complete 
| 778|0x00000006c3400000, 0x00000006c3800000, 0x00000006c3800000|100%|HS|  |TAMS 0x00000006c3800000, 0x00000006c3400000| Complete 
| 779|0x00000006c3800000, 0x00000006c3c00000, 0x00000006c3c00000|100%|HS|  |TAMS 0x00000006c3c00000, 0x00000006c3800000| Complete 
| 780|0x00000006c3c00000, 0x00000006c4000000, 0x00000006c4000000|100%|HC|  |TAMS 0x00000006c4000000, 0x00000006c3c00000| Complete 
| 781|0x00000006c4000000, 0x00000006c4400000, 0x00000006c4400000|100%|HC|  |TAMS 0x00000006c4400000, 0x00000006c4000000| Complete 
| 782|0x00000006c4400000, 0x00000006c4800000, 0x00000006c4800000|100%|HS|  |TAMS 0x00000006c4800000, 0x00000006c4400000| Complete 
| 783|0x00000006c4800000, 0x00000006c4c00000, 0x00000006c4c00000|100%|HS|  |TAMS 0x00000006c4c00000, 0x00000006c4800000| Complete 
| 784|0x00000006c4c00000, 0x00000006c5000000, 0x00000006c5000000|100%|HS|  |TAMS 0x00000006c5000000, 0x00000006c4c00000| Complete 
| 785|0x00000006c5000000, 0x00000006c5400000, 0x00000006c5400000|100%|HC|  |TAMS 0x00000006c5400000, 0x00000006c5000000| Complete 
| 786|0x00000006c5400000, 0x00000006c5800000, 0x00000006c5800000|100%|HS|  |TAMS 0x00000006c5800000, 0x00000006c5400000| Complete 
| 787|0x00000006c5800000, 0x00000006c5c00000, 0x00000006c5c00000|100%|HC|  |TAMS 0x00000006c5c00000, 0x00000006c5800000| Complete 
| 788|0x00000006c5c00000, 0x00000006c6000000, 0x00000006c6000000|100%|HS|  |TAMS 0x00000006c6000000, 0x00000006c5c00000| Complete 
| 789|0x00000006c6000000, 0x00000006c6400000, 0x00000006c6400000|100%|HS|  |TAMS 0x00000006c6400000, 0x00000006c6000000| Complete 
| 790|0x00000006c6400000, 0x00000006c6800000, 0x00000006c6800000|100%|HS|  |TAMS 0x00000006c6800000, 0x00000006c6400000| Complete 
| 791|0x00000006c6800000, 0x00000006c6c00000, 0x00000006c6c00000|100%|HS|  |TAMS 0x00000006c6c00000, 0x00000006c6800000| Complete 
| 792|0x00000006c6c00000, 0x00000006c7000000, 0x00000006c7000000|100%|HS|  |TAMS 0x00000006c7000000, 0x00000006c6c00000| Complete 
| 793|0x00000006c7000000, 0x00000006c7400000, 0x00000006c7400000|100%|HC|  |TAMS 0x00000006c7400000, 0x00000006c7000000| Complete 
| 794|0x00000006c7400000, 0x00000006c7800000, 0x00000006c7800000|100%|HC|  |TAMS 0x00000006c7800000, 0x00000006c7400000| Complete 
| 795|0x00000006c7800000, 0x00000006c7c00000, 0x00000006c7c00000|100%|HC|  |TAMS 0x00000006c7c00000, 0x00000006c7800000| Complete 
| 796|0x00000006c7c00000, 0x00000006c8000000, 0x00000006c8000000|100%|HC|  |TAMS 0x00000006c8000000, 0x00000006c7c00000| Complete 
| 797|0x00000006c8000000, 0x00000006c8400000, 0x00000006c8400000|100%|HC|  |TAMS 0x00000006c8400000, 0x00000006c8000000| Complete 
| 798|0x00000006c8400000, 0x00000006c8800000, 0x00000006c8800000|100%|HC|  |TAMS 0x00000006c8800000, 0x00000006c8400000| Complete 
| 799|0x00000006c8800000, 0x00000006c8c00000, 0x00000006c8c00000|100%|HC|  |TAMS 0x00000006c8c00000, 0x00000006c8800000| Complete 
| 800|0x00000006c8c00000, 0x00000006c9000000, 0x00000006c9000000|100%|HC|  |TAMS 0x00000006c9000000, 0x00000006c8c00000| Complete 
| 801|0x00000006c9000000, 0x00000006c9400000, 0x00000006c9400000|100%|HC|  |TAMS 0x00000006c9400000, 0x00000006c9000000| Complete 
| 802|0x00000006c9400000, 0x00000006c9800000, 0x00000006c9800000|100%|HC|  |TAMS 0x00000006c9800000, 0x00000006c9400000| Complete 
| 803|0x00000006c9800000, 0x00000006c9c00000, 0x00000006c9c00000|100%|HC|  |TAMS 0x00000006c9c00000, 0x00000006c9800000| Complete 
| 804|0x00000006c9c00000, 0x00000006ca000000, 0x00000006ca000000|100%|HS|  |TAMS 0x00000006ca000000, 0x00000006c9c00000| Complete 
| 805|0x00000006ca000000, 0x00000006ca400000, 0x00000006ca400000|100%|HC|  |TAMS 0x00000006ca400000, 0x00000006ca000000| Complete 
| 806|0x00000006ca400000, 0x00000006ca800000, 0x00000006ca800000|100%|HC|  |TAMS 0x00000006ca800000, 0x00000006ca400000| Complete 
| 807|0x00000006ca800000, 0x00000006cac00000, 0x00000006cac00000|100%|HC|  |TAMS 0x00000006cac00000, 0x00000006ca800000| Complete 
| 808|0x00000006cac00000, 0x00000006cb000000, 0x00000006cb000000|100%|HC|  |TAMS 0x00000006cb000000, 0x00000006cac00000| Complete 
| 809|0x00000006cb000000, 0x00000006cb400000, 0x00000006cb400000|100%|HC|  |TAMS 0x00000006cb400000, 0x00000006cb000000| Complete 
| 810|0x00000006cb400000, 0x00000006cb800000, 0x00000006cb800000|100%|HC|  |TAMS 0x00000006cb800000, 0x00000006cb400000| Complete 
| 811|0x00000006cb800000, 0x00000006cbc00000, 0x00000006cbc00000|100%|HC|  |TAMS 0x00000006cbc00000, 0x00000006cb800000| Complete 
| 812|0x00000006cbc00000, 0x00000006cc000000, 0x00000006cc000000|100%|HS|  |TAMS 0x00000006cc000000, 0x00000006cbc00000| Complete 
| 813|0x00000006cc000000, 0x00000006cc400000, 0x00000006cc400000|100%|HC|  |TAMS 0x00000006cc400000, 0x00000006cc000000| Complete 
| 814|0x00000006cc400000, 0x00000006cc800000, 0x00000006cc800000|100%|HC|  |TAMS 0x00000006cc800000, 0x00000006cc400000| Complete 
| 815|0x00000006cc800000, 0x00000006ccc00000, 0x00000006ccc00000|100%|HC|  |TAMS 0x00000006ccc00000, 0x00000006cc800000| Complete 
| 816|0x00000006ccc00000, 0x00000006cd000000, 0x00000006cd000000|100%|HC|  |TAMS 0x00000006cd000000, 0x00000006ccc00000| Complete 
| 817|0x00000006cd000000, 0x00000006cd400000, 0x00000006cd400000|100%|HS|  |TAMS 0x00000006cd400000, 0x00000006cd000000| Complete 
| 818|0x00000006cd400000, 0x00000006cd800000, 0x00000006cd800000|100%|HC|  |TAMS 0x00000006cd800000, 0x00000006cd400000| Complete 
| 819|0x00000006cd800000, 0x00000006cdc00000, 0x00000006cdc00000|100%|HC|  |TAMS 0x00000006cdc00000, 0x00000006cd800000| Complete 
| 820|0x00000006cdc00000, 0x00000006ce000000, 0x00000006ce000000|100%|HC|  |TAMS 0x00000006ce000000, 0x00000006cdc00000| Complete 
| 821|0x00000006ce000000, 0x00000006ce400000, 0x00000006ce400000|100%|HC|  |TAMS 0x00000006ce400000, 0x00000006ce000000| Complete 
| 822|0x00000006ce400000, 0x00000006ce800000, 0x00000006ce800000|100%|HC|  |TAMS 0x00000006ce800000, 0x00000006ce400000| Complete 
| 823|0x00000006ce800000, 0x00000006cec00000, 0x00000006cec00000|100%|HS|  |TAMS 0x00000006ce800000, 0x00000006ce800000| Complete 
| 824|0x00000006cec00000, 0x00000006cf000000, 0x00000006cf000000|100%|HC|  |TAMS 0x00000006cec00000, 0x00000006cec00000| Complete 
| 825|0x00000006cf000000, 0x00000006cf400000, 0x00000006cf400000|100%|HC|  |TAMS 0x00000006cf000000, 0x00000006cf000000| Complete 
| 826|0x00000006cf400000, 0x00000006cf800000, 0x00000006cf800000|100%|HS|  |TAMS 0x00000006cf800000, 0x00000006cf400000| Complete 
| 827|0x00000006cf800000, 0x00000006cfc00000, 0x00000006cfc00000|100%|HS|  |TAMS 0x00000006cfc00000, 0x00000006cf800000| Complete 
| 828|0x00000006cfc00000, 0x00000006d0000000, 0x00000006d0000000|100%|HS|  |TAMS 0x00000006d0000000, 0x00000006cfc00000| Complete 
| 829|0x00000006d0000000, 0x00000006d0400000, 0x00000006d0400000|100%|HC|  |TAMS 0x00000006d0400000, 0x00000006d0000000| Complete 
| 830|0x00000006d0400000, 0x00000006d0800000, 0x00000006d0800000|100%|HS|  |TAMS 0x00000006d0800000, 0x00000006d0400000| Complete 
| 831|0x00000006d0800000, 0x00000006d0c00000, 0x00000006d0c00000|100%|HC|  |TAMS 0x00000006d0c00000, 0x00000006d0800000| Complete 
| 832|0x00000006d0c00000, 0x00000006d1000000, 0x00000006d1000000|100%|HS|  |TAMS 0x00000006d1000000, 0x00000006d0c00000| Complete 
| 833|0x00000006d1000000, 0x00000006d1400000, 0x00000006d1400000|100%|HC|  |TAMS 0x00000006d1400000, 0x00000006d1000000| Complete 
| 834|0x00000006d1400000, 0x00000006d1800000, 0x00000006d1800000|100%|HC|  |TAMS 0x00000006d1800000, 0x00000006d1400000| Complete 
| 835|0x00000006d1800000, 0x00000006d1c00000, 0x00000006d1c00000|100%|HS|  |TAMS 0x00000006d1c00000, 0x00000006d1800000| Complete 
| 836|0x00000006d1c00000, 0x00000006d2000000, 0x00000006d2000000|100%|HC|  |TAMS 0x00000006d2000000, 0x00000006d1c00000| Complete 
| 837|0x00000006d2000000, 0x00000006d2400000, 0x00000006d2400000|100%|HC|  |TAMS 0x00000006d2400000, 0x00000006d2000000| Complete 
| 838|0x00000006d2400000, 0x00000006d2800000, 0x00000006d2800000|100%|HS|  |TAMS 0x00000006d2800000, 0x00000006d2400000| Complete 
| 839|0x00000006d2800000, 0x00000006d2c00000, 0x00000006d2c00000|100%|HC|  |TAMS 0x00000006d2c00000, 0x00000006d2800000| Complete 
| 840|0x00000006d2c00000, 0x00000006d3000000, 0x00000006d3000000|100%|HS|  |TAMS 0x00000006d3000000, 0x00000006d2c00000| Complete 
| 841|0x00000006d3000000, 0x00000006d3400000, 0x00000006d3400000|100%|HC|  |TAMS 0x00000006d3400000, 0x00000006d3000000| Complete 
| 842|0x00000006d3400000, 0x00000006d3800000, 0x00000006d3800000|100%|HS|  |TAMS 0x00000006d3800000, 0x00000006d3400000| Complete 
| 843|0x00000006d3800000, 0x00000006d3c00000, 0x00000006d3c00000|100%|HC|  |TAMS 0x00000006d3c00000, 0x00000006d3800000| Complete 
| 844|0x00000006d3c00000, 0x00000006d4000000, 0x00000006d4000000|100%|HS|  |TAMS 0x00000006d4000000, 0x00000006d3c00000| Complete 
| 845|0x00000006d4000000, 0x00000006d4400000, 0x00000006d4400000|100%|HC|  |TAMS 0x00000006d4400000, 0x00000006d4000000| Complete 
| 846|0x00000006d4400000, 0x00000006d4800000, 0x00000006d4800000|100%|HC|  |TAMS 0x00000006d4800000, 0x00000006d4400000| Complete 
| 847|0x00000006d4800000, 0x00000006d4c00000, 0x00000006d4c00000|100%|HS|  |TAMS 0x00000006d4c00000, 0x00000006d4800000| Complete 
| 848|0x00000006d4c00000, 0x00000006d5000000, 0x00000006d5000000|100%|HS|  |TAMS 0x00000006d5000000, 0x00000006d4c00000| Complete 
| 849|0x00000006d5000000, 0x00000006d5400000, 0x00000006d5400000|100%|HS|  |TAMS 0x00000006d5400000, 0x00000006d5000000| Complete 
| 850|0x00000006d5400000, 0x00000006d5800000, 0x00000006d5800000|100%|HS|  |TAMS 0x00000006d5800000, 0x00000006d5400000| Complete 
| 851|0x00000006d5800000, 0x00000006d5c00000, 0x00000006d5c00000|100%|HS|  |TAMS 0x00000006d5c00000, 0x00000006d5800000| Complete 
| 852|0x00000006d5c00000, 0x00000006d6000000, 0x00000006d6000000|100%|HS|  |TAMS 0x00000006d6000000, 0x00000006d5c00000| Complete 
| 853|0x00000006d6000000, 0x00000006d6400000, 0x00000006d6400000|100%|HS|  |TAMS 0x00000006d6400000, 0x00000006d6000000| Complete 
| 854|0x00000006d6400000, 0x00000006d6800000, 0x00000006d6800000|100%|HC|  |TAMS 0x00000006d6800000, 0x00000006d6400000| Complete 
| 855|0x00000006d6800000, 0x00000006d6c00000, 0x00000006d6c00000|100%|HC|  |TAMS 0x00000006d6c00000, 0x00000006d6800000| Complete 
| 856|0x00000006d6c00000, 0x00000006d7000000, 0x00000006d7000000|100%|HS|  |TAMS 0x00000006d7000000, 0x00000006d6c00000| Complete 
| 857|0x00000006d7000000, 0x00000006d7400000, 0x00000006d7400000|100%|HC|  |TAMS 0x00000006d7400000, 0x00000006d7000000| Complete 
| 858|0x00000006d7400000, 0x00000006d7800000, 0x00000006d7800000|100%|HS|  |TAMS 0x00000006d7800000, 0x00000006d7400000| Complete 
| 859|0x00000006d7800000, 0x00000006d7c00000, 0x00000006d7c00000|100%|HS|  |TAMS 0x00000006d7c00000, 0x00000006d7800000| Complete 
| 860|0x00000006d7c00000, 0x00000006d8000000, 0x00000006d8000000|100%|HS|  |TAMS 0x00000006d8000000, 0x00000006d7c00000| Complete 
| 861|0x00000006d8000000, 0x00000006d8400000, 0x00000006d8400000|100%|HC|  |TAMS 0x00000006d8400000, 0x00000006d8000000| Complete 
| 862|0x00000006d8400000, 0x00000006d8800000, 0x00000006d8800000|100%|HS|  |TAMS 0x00000006d8800000, 0x00000006d8400000| Complete 
| 863|0x00000006d8800000, 0x00000006d8c00000, 0x00000006d8c00000|100%|HC|  |TAMS 0x00000006d8c00000, 0x00000006d8800000| Complete 
| 864|0x00000006d8c00000, 0x00000006d9000000, 0x00000006d9000000|100%|HS|  |TAMS 0x00000006d9000000, 0x00000006d8c00000| Complete 
| 865|0x00000006d9000000, 0x00000006d9400000, 0x00000006d9400000|100%|HS|  |TAMS 0x00000006d9400000, 0x00000006d9000000| Complete 
| 866|0x00000006d9400000, 0x00000006d9800000, 0x00000006d9800000|100%|HC|  |TAMS 0x00000006d9800000, 0x00000006d9400000| Complete 
| 867|0x00000006d9800000, 0x00000006d9c00000, 0x00000006d9c00000|100%|HS|  |TAMS 0x00000006d9c00000, 0x00000006d9800000| Complete 
| 868|0x00000006d9c00000, 0x00000006da000000, 0x00000006da000000|100%|HC|  |TAMS 0x00000006da000000, 0x00000006d9c00000| Complete 
| 869|0x00000006da000000, 0x00000006da000000, 0x00000006da400000|  0%| F|  |TAMS 0x00000006da000000, 0x00000006da000000| Untracked 
| 870|0x00000006da400000, 0x00000006da400000, 0x00000006da800000|  0%| F|  |TAMS 0x00000006da400000, 0x00000006da400000| Untracked 
| 871|0x00000006da800000, 0x00000006da800000, 0x00000006dac00000|  0%| F|  |TAMS 0x00000006da800000, 0x00000006da800000| Untracked 
| 872|0x00000006dac00000, 0x00000006dac00000, 0x00000006db000000|  0%| F|  |TAMS 0x00000006dac00000, 0x00000006dac00000| Untracked 
| 873|0x00000006db000000, 0x00000006db000000, 0x00000006db400000|  0%| F|  |TAMS 0x00000006db000000, 0x00000006db000000| Untracked 
| 874|0x00000006db400000, 0x00000006db400000, 0x00000006db800000|  0%| F|  |TAMS 0x00000006db400000, 0x00000006db400000| Untracked 
| 875|0x00000006db800000, 0x00000006db800000, 0x00000006dbc00000|  0%| F|  |TAMS 0x00000006db800000, 0x00000006db800000| Untracked 
| 876|0x00000006dbc00000, 0x00000006dbc00000, 0x00000006dc000000|  0%| F|  |TAMS 0x00000006dbc00000, 0x00000006dbc00000| Untracked 
| 877|0x00000006dc000000, 0x00000006dc000000, 0x00000006dc400000|  0%| F|  |TAMS 0x00000006dc000000, 0x00000006dc000000| Untracked 
| 878|0x00000006dc400000, 0x00000006dc800000, 0x00000006dc800000|100%|HS|  |TAMS 0x00000006dc800000, 0x00000006dc400000| Complete 
| 879|0x00000006dc800000, 0x00000006dcc00000, 0x00000006dcc00000|100%|HS|  |TAMS 0x00000006dcc00000, 0x00000006dc800000| Complete 
| 880|0x00000006dcc00000, 0x00000006dd000000, 0x00000006dd000000|100%|HS|  |TAMS 0x00000006dd000000, 0x00000006dcc00000| Complete 
| 881|0x00000006dd000000, 0x00000006dd400000, 0x00000006dd400000|100%|HC|  |TAMS 0x00000006dd400000, 0x00000006dd000000| Complete 
| 882|0x00000006dd400000, 0x00000006dd800000, 0x00000006dd800000|100%|HC|  |TAMS 0x00000006dd800000, 0x00000006dd400000| Complete 
| 883|0x00000006dd800000, 0x00000006dd800000, 0x00000006ddc00000|  0%| F|  |TAMS 0x00000006dd800000, 0x00000006dd800000| Untracked 
| 884|0x00000006ddc00000, 0x00000006ddc00000, 0x00000006de000000|  0%| F|  |TAMS 0x00000006ddc00000, 0x00000006ddc00000| Untracked 
| 885|0x00000006de000000, 0x00000006de000000, 0x00000006de400000|  0%| F|  |TAMS 0x00000006de000000, 0x00000006de000000| Untracked 
| 886|0x00000006de400000, 0x00000006de400000, 0x00000006de800000|  0%| F|  |TAMS 0x00000006de400000, 0x00000006de400000| Untracked 
| 887|0x00000006de800000, 0x00000006de800000, 0x00000006dec00000|  0%| F|  |TAMS 0x00000006de800000, 0x00000006de800000| Untracked 
| 888|0x00000006dec00000, 0x00000006df000000, 0x00000006df000000|100%|HS|  |TAMS 0x00000006df000000, 0x00000006dec00000| Complete 
| 889|0x00000006df000000, 0x00000006df400000, 0x00000006df400000|100%|HC|  |TAMS 0x00000006df400000, 0x00000006df000000| Complete 
| 890|0x00000006df400000, 0x00000006df800000, 0x00000006df800000|100%| O|  |TAMS 0x00000006df800000, 0x00000006df400000| Untracked 
| 891|0x00000006df800000, 0x00000006dfc00000, 0x00000006dfc00000|100%|HS|  |TAMS 0x00000006dfc00000, 0x00000006df800000| Complete 
| 892|0x00000006dfc00000, 0x00000006e0000000, 0x00000006e0000000|100%|HC|  |TAMS 0x00000006e0000000, 0x00000006dfc00000| Complete 
| 893|0x00000006e0000000, 0x00000006e0400000, 0x00000006e0400000|100%|HC|  |TAMS 0x00000006e0400000, 0x00000006e0000000| Complete 
| 894|0x00000006e0400000, 0x00000006e0800000, 0x00000006e0800000|100%|HC|  |TAMS 0x00000006e0800000, 0x00000006e0400000| Complete 
| 895|0x00000006e0800000, 0x00000006e0800000, 0x00000006e0c00000|  0%| F|  |TAMS 0x00000006e0800000, 0x00000006e0800000| Untracked 
| 896|0x00000006e0c00000, 0x00000006e0c00000, 0x00000006e1000000|  0%| F|  |TAMS 0x00000006e0c00000, 0x00000006e0c00000| Untracked 
| 897|0x00000006e1000000, 0x00000006e1000000, 0x00000006e1400000|  0%| F|  |TAMS 0x00000006e1000000, 0x00000006e1000000| Untracked 
| 898|0x00000006e1400000, 0x00000006e1400000, 0x00000006e1800000|  0%| F|  |TAMS 0x00000006e1400000, 0x00000006e1400000| Untracked 
| 899|0x00000006e1800000, 0x00000006e1800000, 0x00000006e1c00000|  0%| F|  |TAMS 0x00000006e1800000, 0x00000006e1800000| Untracked 
| 900|0x00000006e1c00000, 0x00000006e1c00000, 0x00000006e2000000|  0%| F|  |TAMS 0x00000006e1c00000, 0x00000006e1c00000| Untracked 
| 901|0x00000006e2000000, 0x00000006e2000000, 0x00000006e2400000|  0%| F|  |TAMS 0x00000006e2000000, 0x00000006e2000000| Untracked 
| 902|0x00000006e2400000, 0x00000006e2400000, 0x00000006e2800000|  0%| F|  |TAMS 0x00000006e2400000, 0x00000006e2400000| Untracked 
| 903|0x00000006e2800000, 0x00000006e2800000, 0x00000006e2c00000|  0%| F|  |TAMS 0x00000006e2800000, 0x00000006e2800000| Untracked 
| 904|0x00000006e2c00000, 0x00000006e3000000, 0x00000006e3000000|100%|HS|  |TAMS 0x00000006e3000000, 0x00000006e2c00000| Complete 
| 905|0x00000006e3000000, 0x00000006e3400000, 0x00000006e3400000|100%|HC|  |TAMS 0x00000006e3400000, 0x00000006e3000000| Complete 
| 906|0x00000006e3400000, 0x00000006e3800000, 0x00000006e3800000|100%|HC|  |TAMS 0x00000006e3800000, 0x00000006e3400000| Complete 
| 907|0x00000006e3800000, 0x00000006e3c00000, 0x00000006e3c00000|100%|HS|  |TAMS 0x00000006e3c00000, 0x00000006e3800000| Complete 
| 908|0x00000006e3c00000, 0x00000006e4000000, 0x00000006e4000000|100%|HS|  |TAMS 0x00000006e4000000, 0x00000006e3c00000| Complete 
| 909|0x00000006e4000000, 0x00000006e4400000, 0x00000006e4400000|100%|HS|  |TAMS 0x00000006e4400000, 0x00000006e4000000| Complete 
| 910|0x00000006e4400000, 0x00000006e4800000, 0x00000006e4800000|100%|HS|  |TAMS 0x00000006e4800000, 0x00000006e4400000| Complete 
| 911|0x00000006e4800000, 0x00000006e4c00000, 0x00000006e4c00000|100%|HC|  |TAMS 0x00000006e4c00000, 0x00000006e4800000| Complete 
| 912|0x00000006e4c00000, 0x00000006e5000000, 0x00000006e5000000|100%|HS|  |TAMS 0x00000006e5000000, 0x00000006e4c00000| Complete 
| 913|0x00000006e5000000, 0x00000006e5400000, 0x00000006e5400000|100%|HC|  |TAMS 0x00000006e5400000, 0x00000006e5000000| Complete 
| 914|0x00000006e5400000, 0x00000006e5800000, 0x00000006e5800000|100%|HS|  |TAMS 0x00000006e5800000, 0x00000006e5400000| Complete 
| 915|0x00000006e5800000, 0x00000006e5c00000, 0x00000006e5c00000|100%|HC|  |TAMS 0x00000006e5c00000, 0x00000006e5800000| Complete 
| 916|0x00000006e5c00000, 0x00000006e6000000, 0x00000006e6000000|100%|HC|  |TAMS 0x00000006e6000000, 0x00000006e5c00000| Complete 
| 917|0x00000006e6000000, 0x00000006e6400000, 0x00000006e6400000|100%|HC|  |TAMS 0x00000006e6400000, 0x00000006e6000000| Complete 
| 918|0x00000006e6400000, 0x00000006e6800000, 0x00000006e6800000|100%|HC|  |TAMS 0x00000006e6800000, 0x00000006e6400000| Complete 
| 919|0x00000006e6800000, 0x00000006e6c00000, 0x00000006e6c00000|100%|HS|  |TAMS 0x00000006e6c00000, 0x00000006e6800000| Complete 
| 920|0x00000006e6c00000, 0x00000006e7000000, 0x00000006e7000000|100%|HC|  |TAMS 0x00000006e7000000, 0x00000006e6c00000| Complete 
| 921|0x00000006e7000000, 0x00000006e7400000, 0x00000006e7400000|100%|HS|  |TAMS 0x00000006e7400000, 0x00000006e7000000| Complete 
| 922|0x00000006e7400000, 0x00000006e7800000, 0x00000006e7800000|100%|HC|  |TAMS 0x00000006e7800000, 0x00000006e7400000| Complete 
| 923|0x00000006e7800000, 0x00000006e7c00000, 0x00000006e7c00000|100%|HC|  |TAMS 0x00000006e7c00000, 0x00000006e7800000| Complete 
| 924|0x00000006e7c00000, 0x00000006e8000000, 0x00000006e8000000|100%|HC|  |TAMS 0x00000006e8000000, 0x00000006e7c00000| Complete 
| 925|0x00000006e8000000, 0x00000006e8400000, 0x00000006e8400000|100%|HC|  |TAMS 0x00000006e8400000, 0x00000006e8000000| Complete 
| 926|0x00000006e8400000, 0x00000006e8800000, 0x00000006e8800000|100%|HC|  |TAMS 0x00000006e8800000, 0x00000006e8400000| Complete 
| 927|0x00000006e8800000, 0x00000006e8800000, 0x00000006e8c00000|  0%| F|  |TAMS 0x00000006e8800000, 0x00000006e8800000| Untracked 
| 928|0x00000006e8c00000, 0x00000006e8c00000, 0x00000006e9000000|  0%| F|  |TAMS 0x00000006e8c00000, 0x00000006e8c00000| Untracked 
| 929|0x00000006e9000000, 0x00000006e9000000, 0x00000006e9400000|  0%| F|  |TAMS 0x00000006e9000000, 0x00000006e9000000| Untracked 
| 930|0x00000006e9400000, 0x00000006e9800000, 0x00000006e9800000|100%| O|  |TAMS 0x00000006e9800000, 0x00000006e9400000| Untracked 
| 931|0x00000006e9800000, 0x00000006e9c00000, 0x00000006e9c00000|100%| O|  |TAMS 0x00000006e9c00000, 0x00000006e9800000| Updating 
| 932|0x00000006e9c00000, 0x00000006ea000000, 0x00000006ea000000|100%| O|  |TAMS 0x00000006ea000000, 0x00000006e9c00000| Updating 
| 933|0x00000006ea000000, 0x00000006ea400000, 0x00000006ea400000|100%| O|  |TAMS 0x00000006ea400000, 0x00000006ea000000| Updating 
| 934|0x00000006ea400000, 0x00000006ea800000, 0x00000006ea800000|100%| O|  |TAMS 0x00000006ea800000, 0x00000006ea400000| Untracked 
| 935|0x00000006ea800000, 0x00000006eac00000, 0x00000006eac00000|100%| O|  |TAMS 0x00000006eac00000, 0x00000006ea800000| Untracked 
| 936|0x00000006eac00000, 0x00000006eb000000, 0x00000006eb000000|100%| O|  |TAMS 0x00000006eb000000, 0x00000006eac00000| Updating 
| 937|0x00000006eb000000, 0x00000006eb400000, 0x00000006eb400000|100%| O|  |TAMS 0x00000006eb400000, 0x00000006eb000000| Untracked 
| 938|0x00000006eb400000, 0x00000006eb800000, 0x00000006eb800000|100%| O|  |TAMS 0x00000006eb800000, 0x00000006eb400000| Untracked 
| 939|0x00000006eb800000, 0x00000006ebc00000, 0x00000006ebc00000|100%| O|  |TAMS 0x00000006ebc00000, 0x00000006eb800000| Updating 
| 940|0x00000006ebc00000, 0x00000006ec000000, 0x00000006ec000000|100%| O|  |TAMS 0x00000006ec000000, 0x00000006ebc00000| Untracked 
| 941|0x00000006ec000000, 0x00000006ec400000, 0x00000006ec400000|100%|HS|  |TAMS 0x00000006ec400000, 0x00000006ec000000| Complete 
| 942|0x00000006ec400000, 0x00000006ec800000, 0x00000006ec800000|100%|HC|  |TAMS 0x00000006ec800000, 0x00000006ec400000| Complete 
| 943|0x00000006ec800000, 0x00000006ecc00000, 0x00000006ecc00000|100%| O|  |TAMS 0x00000006ecc00000, 0x00000006ec800000| Updating 
| 944|0x00000006ecc00000, 0x00000006ed000000, 0x00000006ed000000|100%| O|  |TAMS 0x00000006ed000000, 0x00000006ecc00000| Untracked 
| 945|0x00000006ed000000, 0x00000006ed400000, 0x00000006ed400000|100%| O|  |TAMS 0x00000006ed400000, 0x00000006ed000000| Untracked 
| 946|0x00000006ed400000, 0x00000006ed800000, 0x00000006ed800000|100%| O|  |TAMS 0x00000006ed800000, 0x00000006ed400000| Untracked 
| 947|0x00000006ed800000, 0x00000006edc00000, 0x00000006edc00000|100%| O|  |TAMS 0x00000006edc00000, 0x00000006ed800000| Untracked 
| 948|0x00000006edc00000, 0x00000006ee000000, 0x00000006ee000000|100%|HS|  |TAMS 0x00000006ee000000, 0x00000006edc00000| Complete 
| 949|0x00000006ee000000, 0x00000006ee400000, 0x00000006ee400000|100%| O|  |TAMS 0x00000006ee400000, 0x00000006ee000000| Untracked 
| 950|0x00000006ee400000, 0x00000006ee800000, 0x00000006ee800000|100%| O|  |TAMS 0x00000006ee800000, 0x00000006ee400000| Untracked 
| 951|0x00000006ee800000, 0x00000006eec00000, 0x00000006eec00000|100%| O|  |TAMS 0x00000006eec00000, 0x00000006ee800000| Updating 
| 952|0x00000006eec00000, 0x00000006ef000000, 0x00000006ef000000|100%| O|  |TAMS 0x00000006ef000000, 0x00000006eec00000| Untracked 
| 953|0x00000006ef000000, 0x00000006ef000000, 0x00000006ef400000|  0%| F|  |TAMS 0x00000006ef000000, 0x00000006ef000000| Untracked 
| 954|0x00000006ef400000, 0x00000006ef800000, 0x00000006ef800000|100%|HS|  |TAMS 0x00000006ef800000, 0x00000006ef400000| Complete 
| 955|0x00000006ef800000, 0x00000006efc00000, 0x00000006efc00000|100%|HS|  |TAMS 0x00000006efc00000, 0x00000006ef800000| Complete 
| 956|0x00000006efc00000, 0x00000006f0000000, 0x00000006f0000000|100%|HS|  |TAMS 0x00000006f0000000, 0x00000006efc00000| Complete 
| 957|0x00000006f0000000, 0x00000006f0400000, 0x00000006f0400000|100%|HS|  |TAMS 0x00000006f0400000, 0x00000006f0000000| Complete 
| 958|0x00000006f0400000, 0x00000006f0800000, 0x00000006f0800000|100%|HS|  |TAMS 0x00000006f0800000, 0x00000006f0400000| Complete 
| 959|0x00000006f0800000, 0x00000006f0c00000, 0x00000006f0c00000|100%|HS|  |TAMS 0x00000006f0c00000, 0x00000006f0800000| Complete 
| 960|0x00000006f0c00000, 0x00000006f1000000, 0x00000006f1000000|100%|HS|  |TAMS 0x00000006f1000000, 0x00000006f0c00000| Complete 
| 961|0x00000006f1000000, 0x00000006f1400000, 0x00000006f1400000|100%|HC|  |TAMS 0x00000006f1400000, 0x00000006f1000000| Complete 
| 962|0x00000006f1400000, 0x00000006f1800000, 0x00000006f1800000|100%|HC|  |TAMS 0x00000006f1800000, 0x00000006f1400000| Complete 
| 963|0x00000006f1800000, 0x00000006f1c00000, 0x00000006f1c00000|100%|HS|  |TAMS 0x00000006f1c00000, 0x00000006f1800000| Complete 
| 964|0x00000006f1c00000, 0x00000006f2000000, 0x00000006f2000000|100%|HS|  |TAMS 0x00000006f2000000, 0x00000006f1c00000| Complete 
| 965|0x00000006f2000000, 0x00000006f2400000, 0x00000006f2400000|100%|HS|  |TAMS 0x00000006f2400000, 0x00000006f2000000| Complete 
| 966|0x00000006f2400000, 0x00000006f2800000, 0x00000006f2800000|100%|HS|  |TAMS 0x00000006f2800000, 0x00000006f2400000| Complete 
| 967|0x00000006f2800000, 0x00000006f2c00000, 0x00000006f2c00000|100%|HS|  |TAMS 0x00000006f2c00000, 0x00000006f2800000| Complete 
| 968|0x00000006f2c00000, 0x00000006f3000000, 0x00000006f3000000|100%|HC|  |TAMS 0x00000006f3000000, 0x00000006f2c00000| Complete 
| 969|0x00000006f3000000, 0x00000006f3400000, 0x00000006f3400000|100%|HC|  |TAMS 0x00000006f3400000, 0x00000006f3000000| Complete 
| 970|0x00000006f3400000, 0x00000006f3800000, 0x00000006f3800000|100%|HS|  |TAMS 0x00000006f3800000, 0x00000006f3400000| Complete 
| 971|0x00000006f3800000, 0x00000006f3c00000, 0x00000006f3c00000|100%|HS|  |TAMS 0x00000006f3c00000, 0x00000006f3800000| Complete 
| 972|0x00000006f3c00000, 0x00000006f4000000, 0x00000006f4000000|100%|HC|  |TAMS 0x00000006f4000000, 0x00000006f3c00000| Complete 
| 973|0x00000006f4000000, 0x00000006f4400000, 0x00000006f4400000|100%|HS|  |TAMS 0x00000006f4400000, 0x00000006f4000000| Complete 
| 974|0x00000006f4400000, 0x00000006f4800000, 0x00000006f4800000|100%|HS|  |TAMS 0x00000006f4800000, 0x00000006f4400000| Complete 
| 975|0x00000006f4800000, 0x00000006f4c00000, 0x00000006f4c00000|100%|HC|  |TAMS 0x00000006f4c00000, 0x00000006f4800000| Complete 
| 976|0x00000006f4c00000, 0x00000006f5000000, 0x00000006f5000000|100%|HC|  |TAMS 0x00000006f5000000, 0x00000006f4c00000| Complete 
| 977|0x00000006f5000000, 0x00000006f5000000, 0x00000006f5400000|  0%| F|  |TAMS 0x00000006f5000000, 0x00000006f5000000| Untracked 
| 978|0x00000006f5400000, 0x00000006f5400000, 0x00000006f5800000|  0%| F|  |TAMS 0x00000006f5400000, 0x00000006f5400000| Untracked 
| 979|0x00000006f5800000, 0x00000006f5800000, 0x00000006f5c00000|  0%| F|  |TAMS 0x00000006f5800000, 0x00000006f5800000| Untracked 
| 980|0x00000006f5c00000, 0x00000006f6000000, 0x00000006f6000000|100%|HS|  |TAMS 0x00000006f6000000, 0x00000006f5c00000| Complete 
| 981|0x00000006f6000000, 0x00000006f6000000, 0x00000006f6400000|  0%| F|  |TAMS 0x00000006f6000000, 0x00000006f6000000| Untracked 
| 982|0x00000006f6400000, 0x00000006f6400000, 0x00000006f6800000|  0%| F|  |TAMS 0x00000006f6400000, 0x00000006f6400000| Untracked 
| 983|0x00000006f6800000, 0x00000006f6800000, 0x00000006f6c00000|  0%| F|  |TAMS 0x00000006f6800000, 0x00000006f6800000| Untracked 
| 984|0x00000006f6c00000, 0x00000006f6c00000, 0x00000006f7000000|  0%| F|  |TAMS 0x00000006f6c00000, 0x00000006f6c00000| Untracked 
| 985|0x00000006f7000000, 0x00000006f7000000, 0x00000006f7400000|  0%| F|  |TAMS 0x00000006f7000000, 0x00000006f7000000| Untracked 
| 986|0x00000006f7400000, 0x00000006f7800000, 0x00000006f7800000|100%|HS|  |TAMS 0x00000006f7800000, 0x00000006f7400000| Complete 
| 987|0x00000006f7800000, 0x00000006f7c00000, 0x00000006f7c00000|100%|HS|  |TAMS 0x00000006f7c00000, 0x00000006f7800000| Complete 
| 988|0x00000006f7c00000, 0x00000006f8000000, 0x00000006f8000000|100%|HC|  |TAMS 0x00000006f8000000, 0x00000006f7c00000| Complete 
| 989|0x00000006f8000000, 0x00000006f8400000, 0x00000006f8400000|100%|HC|  |TAMS 0x00000006f8400000, 0x00000006f8000000| Complete 
| 990|0x00000006f8400000, 0x00000006f8800000, 0x00000006f8800000|100%|HS|  |TAMS 0x00000006f8800000, 0x00000006f8400000| Complete 
| 991|0x00000006f8800000, 0x00000006f8c00000, 0x00000006f8c00000|100%|HC|  |TAMS 0x00000006f8c00000, 0x00000006f8800000| Complete 
| 992|0x00000006f8c00000, 0x00000006f9000000, 0x00000006f9000000|100%|HS|  |TAMS 0x00000006f9000000, 0x00000006f8c00000| Complete 
| 993|0x00000006f9000000, 0x00000006f9400000, 0x00000006f9400000|100%|HC|  |TAMS 0x00000006f9400000, 0x00000006f9000000| Complete 
| 994|0x00000006f9400000, 0x00000006f9800000, 0x00000006f9800000|100%|HS|  |TAMS 0x00000006f9800000, 0x00000006f9400000| Complete 
| 995|0x00000006f9800000, 0x00000006f9c00000, 0x00000006f9c00000|100%|HS|  |TAMS 0x00000006f9c00000, 0x00000006f9800000| Complete 
| 996|0x00000006f9c00000, 0x00000006fa000000, 0x00000006fa000000|100%|HS|  |TAMS 0x00000006fa000000, 0x00000006f9c00000| Complete 
| 997|0x00000006fa000000, 0x00000006fa400000, 0x00000006fa400000|100%|HC|  |TAMS 0x00000006fa400000, 0x00000006fa000000| Complete 
| 998|0x00000006fa400000, 0x00000006fa800000, 0x00000006fa800000|100%|HS|  |TAMS 0x00000006fa800000, 0x00000006fa400000| Complete 
| 999|0x00000006fa800000, 0x00000006fac00000, 0x00000006fac00000|100%|HS|  |TAMS 0x00000006fac00000, 0x00000006fa800000| Complete 
|1000|0x00000006fac00000, 0x00000006fb000000, 0x00000006fb000000|100%|HS|  |TAMS 0x00000006fb000000, 0x00000006fac00000| Complete 
|1001|0x00000006fb000000, 0x00000006fb400000, 0x00000006fb400000|100%|HS|  |TAMS 0x00000006fb400000, 0x00000006fb000000| Complete 
|1002|0x00000006fb400000, 0x00000006fb800000, 0x00000006fb800000|100%|HS|  |TAMS 0x00000006fb800000, 0x00000006fb400000| Complete 
|1003|0x00000006fb800000, 0x00000006fbc00000, 0x00000006fbc00000|100%| O|  |TAMS 0x00000006fbc00000, 0x00000006fb800000| Untracked 
|1004|0x00000006fbc00000, 0x00000006fc000000, 0x00000006fc000000|100%| O|  |TAMS 0x00000006fc000000, 0x00000006fbc00000| Untracked 
|1005|0x00000006fc000000, 0x00000006fc400000, 0x00000006fc400000|100%| O|  |TAMS 0x00000006fc400000, 0x00000006fc000000| Updating 
|1006|0x00000006fc400000, 0x00000006fc800000, 0x00000006fc800000|100%| O|  |TAMS 0x00000006fc800000, 0x00000006fc400000| Untracked 
|1007|0x00000006fc800000, 0x00000006fcc00000, 0x00000006fcc00000|100%| O|  |TAMS 0x00000006fcc00000, 0x00000006fc800000| Untracked 
|1008|0x00000006fcc00000, 0x00000006fd000000, 0x00000006fd000000|100%| O|  |TAMS 0x00000006fd000000, 0x00000006fcc00000| Untracked 
|1009|0x00000006fd000000, 0x00000006fd400000, 0x00000006fd400000|100%| O|  |TAMS 0x00000006fd400000, 0x00000006fd000000| Untracked 
|1010|0x00000006fd400000, 0x00000006fd800000, 0x00000006fd800000|100%| O|  |TAMS 0x00000006fd800000, 0x00000006fd400000| Untracked 
|1011|0x00000006fd800000, 0x00000006fdc00000, 0x00000006fdc00000|100%|HS|  |TAMS 0x00000006fdc00000, 0x00000006fd800000| Complete 
|1012|0x00000006fdc00000, 0x00000006fe000000, 0x00000006fe000000|100%|HC|  |TAMS 0x00000006fe000000, 0x00000006fdc00000| Complete 
|1013|0x00000006fe000000, 0x00000006fe400000, 0x00000006fe400000|100%|HC|  |TAMS 0x00000006fe400000, 0x00000006fe000000| Complete 
|1014|0x00000006fe400000, 0x00000006fe800000, 0x00000006fe800000|100%|HC|  |TAMS 0x00000006fe800000, 0x00000006fe400000| Complete 
|1015|0x00000006fe800000, 0x00000006fec00000, 0x00000006fec00000|100%|HS|  |TAMS 0x00000006fec00000, 0x00000006fe800000| Complete 
|1016|0x00000006fec00000, 0x00000006ff000000, 0x00000006ff000000|100%|HS|  |TAMS 0x00000006ff000000, 0x00000006fec00000| Complete 
|1017|0x00000006ff000000, 0x00000006ff400000, 0x00000006ff400000|100%|HC|  |TAMS 0x00000006ff400000, 0x00000006ff000000| Complete 
|1018|0x00000006ff400000, 0x00000006ff800000, 0x00000006ff800000|100%|HC|  |TAMS 0x00000006ff800000, 0x00000006ff400000| Complete 
|1019|0x00000006ff800000, 0x00000006ffc00000, 0x00000006ffc00000|100%|HS|  |TAMS 0x00000006ffc00000, 0x00000006ff800000| Complete 
|1020|0x00000006ffc00000, 0x0000000700000000, 0x0000000700000000|100%|HC|  |TAMS 0x0000000700000000, 0x00000006ffc00000| Complete 
|1021|0x0000000700000000, 0x0000000700400000, 0x0000000700400000|100%|HC|  |TAMS 0x0000000700400000, 0x0000000700000000| Complete 
|1022|0x0000000700400000, 0x0000000700800000, 0x0000000700800000|100%|HC|  |TAMS 0x0000000700800000, 0x0000000700400000| Complete 
|1023|0x0000000700800000, 0x0000000700c00000, 0x0000000700c00000|100%|HS|  |TAMS 0x0000000700c00000, 0x0000000700800000| Complete 
|1024|0x0000000700c00000, 0x0000000701000000, 0x0000000701000000|100%|HS|  |TAMS 0x0000000701000000, 0x0000000700c00000| Complete 
|1025|0x0000000701000000, 0x0000000701400000, 0x0000000701400000|100%|HS|  |TAMS 0x0000000701400000, 0x0000000701000000| Complete 
|1026|0x0000000701400000, 0x0000000701800000, 0x0000000701800000|100%|HS|  |TAMS 0x0000000701800000, 0x0000000701400000| Complete 
|1027|0x0000000701800000, 0x0000000701c00000, 0x0000000701c00000|100%|HS|  |TAMS 0x0000000701c00000, 0x0000000701800000| Complete 
|1028|0x0000000701c00000, 0x0000000702000000, 0x0000000702000000|100%|HS|  |TAMS 0x0000000702000000, 0x0000000701c00000| Complete 
|1029|0x0000000702000000, 0x0000000702400000, 0x0000000702400000|100%|HS|  |TAMS 0x0000000702400000, 0x0000000702000000| Complete 
|1030|0x0000000702400000, 0x0000000702800000, 0x0000000702800000|100%|HS|  |TAMS 0x0000000702800000, 0x0000000702400000| Complete 
|1031|0x0000000702800000, 0x0000000702c00000, 0x0000000702c00000|100%|HC|  |TAMS 0x0000000702c00000, 0x0000000702800000| Complete 
|1032|0x0000000702c00000, 0x0000000703000000, 0x0000000703000000|100%|HC|  |TAMS 0x0000000703000000, 0x0000000702c00000| Complete 
|1033|0x0000000703000000, 0x0000000703400000, 0x0000000703400000|100%|HC|  |TAMS 0x0000000703400000, 0x0000000703000000| Complete 
|1034|0x0000000703400000, 0x0000000703800000, 0x0000000703800000|100%|HS|  |TAMS 0x0000000703800000, 0x0000000703400000| Complete 
|1035|0x0000000703800000, 0x0000000703c00000, 0x0000000703c00000|100%|HS|  |TAMS 0x0000000703c00000, 0x0000000703800000| Complete 
|1036|0x0000000703c00000, 0x0000000704000000, 0x0000000704000000|100%|HC|  |TAMS 0x0000000704000000, 0x0000000703c00000| Complete 
|1037|0x0000000704000000, 0x0000000704400000, 0x0000000704400000|100%|HS|  |TAMS 0x0000000704400000, 0x0000000704000000| Complete 
|1038|0x0000000704400000, 0x0000000704800000, 0x0000000704800000|100%|HC|  |TAMS 0x0000000704800000, 0x0000000704400000| Complete 
|1039|0x0000000704800000, 0x0000000704c00000, 0x0000000704c00000|100%|HC|  |TAMS 0x0000000704c00000, 0x0000000704800000| Complete 
|1040|0x0000000704c00000, 0x0000000705000000, 0x0000000705000000|100%|HS|  |TAMS 0x0000000705000000, 0x0000000704c00000| Complete 
|1041|0x0000000705000000, 0x0000000705400000, 0x0000000705400000|100%|HS|  |TAMS 0x0000000705400000, 0x0000000705000000| Complete 
|1042|0x0000000705400000, 0x0000000705800000, 0x0000000705800000|100%|HS|  |TAMS 0x0000000705800000, 0x0000000705400000| Complete 
|1043|0x0000000705800000, 0x0000000705c00000, 0x0000000705c00000|100%|HC|  |TAMS 0x0000000705c00000, 0x0000000705800000| Complete 
|1044|0x0000000705c00000, 0x0000000706000000, 0x0000000706000000|100%|HC|  |TAMS 0x0000000706000000, 0x0000000705c00000| Complete 
|1045|0x0000000706000000, 0x0000000706400000, 0x0000000706400000|100%|HS|  |TAMS 0x0000000706400000, 0x0000000706000000| Complete 
|1046|0x0000000706400000, 0x0000000706800000, 0x0000000706800000|100%|HC|  |TAMS 0x0000000706800000, 0x0000000706400000| Complete 
|1047|0x0000000706800000, 0x0000000706c00000, 0x0000000706c00000|100%|HC|  |TAMS 0x0000000706c00000, 0x0000000706800000| Complete 
|1048|0x0000000706c00000, 0x0000000707000000, 0x0000000707000000|100%|HC|  |TAMS 0x0000000707000000, 0x0000000706c00000| Complete 
|1049|0x0000000707000000, 0x0000000707400000, 0x0000000707400000|100%|HC|  |TAMS 0x0000000707400000, 0x0000000707000000| Complete 
|1050|0x0000000707400000, 0x0000000707800000, 0x0000000707800000|100%|HS|  |TAMS 0x0000000707800000, 0x0000000707400000| Complete 
|1051|0x0000000707800000, 0x0000000707c00000, 0x0000000707c00000|100%|HC|  |TAMS 0x0000000707c00000, 0x0000000707800000| Complete 
|1052|0x0000000707c00000, 0x0000000708000000, 0x0000000708000000|100%|HS|  |TAMS 0x0000000708000000, 0x0000000707c00000| Complete 
|1053|0x0000000708000000, 0x0000000708400000, 0x0000000708400000|100%|HS|  |TAMS 0x0000000708400000, 0x0000000708000000| Complete 
|1054|0x0000000708400000, 0x0000000708800000, 0x0000000708800000|100%|HC|  |TAMS 0x0000000708800000, 0x0000000708400000| Complete 
|1055|0x0000000708800000, 0x0000000708c00000, 0x0000000708c00000|100%|HC|  |TAMS 0x0000000708c00000, 0x0000000708800000| Complete 
|1056|0x0000000708c00000, 0x0000000709000000, 0x0000000709000000|100%|HS|  |TAMS 0x0000000709000000, 0x0000000708c00000| Complete 
|1057|0x0000000709000000, 0x0000000709400000, 0x0000000709400000|100%|HC|  |TAMS 0x0000000709400000, 0x0000000709000000| Complete 
|1058|0x0000000709400000, 0x0000000709400000, 0x0000000709800000|  0%| F|  |TAMS 0x0000000709400000, 0x0000000709400000| Untracked 
|1059|0x0000000709800000, 0x0000000709800000, 0x0000000709c00000|  0%| F|  |TAMS 0x0000000709800000, 0x0000000709800000| Untracked 
|1060|0x0000000709c00000, 0x0000000709c00000, 0x000000070a000000|  0%| F|  |TAMS 0x0000000709c00000, 0x0000000709c00000| Untracked 
|1061|0x000000070a000000, 0x000000070a000000, 0x000000070a400000|  0%| F|  |TAMS 0x000000070a000000, 0x000000070a000000| Untracked 
|1062|0x000000070a400000, 0x000000070a400000, 0x000000070a800000|  0%| F|  |TAMS 0x000000070a400000, 0x000000070a400000| Untracked 
|1063|0x000000070a800000, 0x000000070a800000, 0x000000070ac00000|  0%| F|  |TAMS 0x000000070a800000, 0x000000070a800000| Untracked 
|1064|0x000000070ac00000, 0x000000070ac00000, 0x000000070b000000|  0%| F|  |TAMS 0x000000070ac00000, 0x000000070ac00000| Untracked 
|1065|0x000000070b000000, 0x000000070b000000, 0x000000070b400000|  0%| F|  |TAMS 0x000000070b000000, 0x000000070b000000| Untracked 
|1066|0x000000070b400000, 0x000000070b400000, 0x000000070b800000|  0%| F|  |TAMS 0x000000070b400000, 0x000000070b400000| Untracked 
|1067|0x000000070b800000, 0x000000070bc00000, 0x000000070bc00000|100%|HS|  |TAMS 0x000000070bc00000, 0x000000070b800000| Complete 
|1068|0x000000070bc00000, 0x000000070c000000, 0x000000070c000000|100%|HC|  |TAMS 0x000000070c000000, 0x000000070bc00000| Complete 
|1069|0x000000070c000000, 0x000000070c400000, 0x000000070c400000|100%|HS|  |TAMS 0x000000070c400000, 0x000000070c000000| Complete 
|1070|0x000000070c400000, 0x000000070c800000, 0x000000070c800000|100%|HC|  |TAMS 0x000000070c800000, 0x000000070c400000| Complete 
|1071|0x000000070c800000, 0x000000070cc00000, 0x000000070cc00000|100%|HC|  |TAMS 0x000000070cc00000, 0x000000070c800000| Complete 
|1072|0x000000070cc00000, 0x000000070d000000, 0x000000070d000000|100%|HS|  |TAMS 0x000000070d000000, 0x000000070cc00000| Complete 
|1073|0x000000070d000000, 0x000000070d400000, 0x000000070d400000|100%|HS|  |TAMS 0x000000070d400000, 0x000000070d000000| Complete 
|1074|0x000000070d400000, 0x000000070d800000, 0x000000070d800000|100%|HC|  |TAMS 0x000000070d800000, 0x000000070d400000| Complete 
|1075|0x000000070d800000, 0x000000070dc00000, 0x000000070dc00000|100%|HS|  |TAMS 0x000000070dc00000, 0x000000070d800000| Complete 
|1076|0x000000070dc00000, 0x000000070e000000, 0x000000070e000000|100%|HS|  |TAMS 0x000000070e000000, 0x000000070dc00000| Complete 
|1077|0x000000070e000000, 0x000000070e400000, 0x000000070e400000|100%|HC|  |TAMS 0x000000070e400000, 0x000000070e000000| Complete 
|1078|0x000000070e400000, 0x000000070e800000, 0x000000070e800000|100%|HC|  |TAMS 0x000000070e800000, 0x000000070e400000| Complete 
|1079|0x000000070e800000, 0x000000070ec00000, 0x000000070ec00000|100%|HS|  |TAMS 0x000000070ec00000, 0x000000070e800000| Complete 
|1080|0x000000070ec00000, 0x000000070f000000, 0x000000070f000000|100%|HC|  |TAMS 0x000000070f000000, 0x000000070ec00000| Complete 
|1081|0x000000070f000000, 0x000000070f400000, 0x000000070f400000|100%|HS|  |TAMS 0x000000070f400000, 0x000000070f000000| Complete 
|1082|0x000000070f400000, 0x000000070f800000, 0x000000070f800000|100%|HS|  |TAMS 0x000000070f800000, 0x000000070f400000| Complete 
|1083|0x000000070f800000, 0x000000070fc00000, 0x000000070fc00000|100%|HS|  |TAMS 0x000000070fc00000, 0x000000070f800000| Complete 
|1084|0x000000070fc00000, 0x0000000710000000, 0x0000000710000000|100%|HS|  |TAMS 0x0000000710000000, 0x000000070fc00000| Complete 
|1085|0x0000000710000000, 0x0000000710400000, 0x0000000710400000|100%|HC|  |TAMS 0x0000000710400000, 0x0000000710000000| Complete 
|1086|0x0000000710400000, 0x0000000710800000, 0x0000000710800000|100%|HS|  |TAMS 0x0000000710800000, 0x0000000710400000| Complete 
|1087|0x0000000710800000, 0x0000000710c00000, 0x0000000710c00000|100%|HC|  |TAMS 0x0000000710c00000, 0x0000000710800000| Complete 
|1088|0x0000000710c00000, 0x0000000711000000, 0x0000000711000000|100%|HS|  |TAMS 0x0000000711000000, 0x0000000710c00000| Complete 
|1089|0x0000000711000000, 0x0000000711400000, 0x0000000711400000|100%|HC|  |TAMS 0x0000000711400000, 0x0000000711000000| Complete 
|1090|0x0000000711400000, 0x0000000711800000, 0x0000000711800000|100%|HC|  |TAMS 0x0000000711800000, 0x0000000711400000| Complete 
|1091|0x0000000711800000, 0x0000000711c00000, 0x0000000711c00000|100%|HS|  |TAMS 0x0000000711c00000, 0x0000000711800000| Complete 
|1092|0x0000000711c00000, 0x0000000712000000, 0x0000000712000000|100%|HC|  |TAMS 0x0000000712000000, 0x0000000711c00000| Complete 
|1093|0x0000000712000000, 0x0000000712400000, 0x0000000712400000|100%|HC|  |TAMS 0x0000000712400000, 0x0000000712000000| Complete 
|1094|0x0000000712400000, 0x0000000712800000, 0x0000000712800000|100%|HS|  |TAMS 0x0000000712800000, 0x0000000712400000| Complete 
|1095|0x0000000712800000, 0x0000000712c00000, 0x0000000712c00000|100%|HC|  |TAMS 0x0000000712c00000, 0x0000000712800000| Complete 
|1096|0x0000000712c00000, 0x0000000713000000, 0x0000000713000000|100%|HC|  |TAMS 0x0000000713000000, 0x0000000712c00000| Complete 
|1097|0x0000000713000000, 0x0000000713400000, 0x0000000713400000|100%|HS|  |TAMS 0x0000000713400000, 0x0000000713000000| Complete 
|1098|0x0000000713400000, 0x0000000713800000, 0x0000000713800000|100%|HC|  |TAMS 0x0000000713800000, 0x0000000713400000| Complete 
|1099|0x0000000713800000, 0x0000000713c00000, 0x0000000713c00000|100%|HS|  |TAMS 0x0000000713c00000, 0x0000000713800000| Complete 
|1100|0x0000000713c00000, 0x0000000714000000, 0x0000000714000000|100%|HS|  |TAMS 0x0000000714000000, 0x0000000713c00000| Complete 
|1101|0x0000000714000000, 0x0000000714400000, 0x0000000714400000|100%|HC|  |TAMS 0x0000000714400000, 0x0000000714000000| Complete 
|1102|0x0000000714400000, 0x0000000714800000, 0x0000000714800000|100%|HS|  |TAMS 0x0000000714800000, 0x0000000714400000| Complete 
|1103|0x0000000714800000, 0x0000000714c00000, 0x0000000714c00000|100%|HS|  |TAMS 0x0000000714c00000, 0x0000000714800000| Complete 
|1104|0x0000000714c00000, 0x0000000715000000, 0x0000000715000000|100%|HS|  |TAMS 0x0000000715000000, 0x0000000714c00000| Complete 
|1105|0x0000000715000000, 0x0000000715400000, 0x0000000715400000|100%|HC|  |TAMS 0x0000000715400000, 0x0000000715000000| Complete 
|1106|0x0000000715400000, 0x0000000715800000, 0x0000000715800000|100%|HS|  |TAMS 0x0000000715800000, 0x0000000715400000| Complete 
|1107|0x0000000715800000, 0x0000000715c00000, 0x0000000715c00000|100%|HC|  |TAMS 0x0000000715c00000, 0x0000000715800000| Complete 
|1108|0x0000000715c00000, 0x0000000716000000, 0x0000000716000000|100%|HS|  |TAMS 0x0000000716000000, 0x0000000715c00000| Complete 
|1109|0x0000000716000000, 0x0000000716400000, 0x0000000716400000|100%|HS|  |TAMS 0x0000000716400000, 0x0000000716000000| Complete 
|1110|0x0000000716400000, 0x0000000716400000, 0x0000000716800000|  0%| F|  |TAMS 0x0000000716400000, 0x0000000716400000| Untracked 
|1111|0x0000000716800000, 0x0000000716800000, 0x0000000716c00000|  0%| F|  |TAMS 0x0000000716800000, 0x0000000716800000| Untracked 
|1112|0x0000000716c00000, 0x0000000716c00000, 0x0000000717000000|  0%| F|  |TAMS 0x0000000716c00000, 0x0000000716c00000| Untracked 
|1113|0x0000000717000000, 0x0000000717000000, 0x0000000717400000|  0%| F|  |TAMS 0x0000000717000000, 0x0000000717000000| Untracked 
|1114|0x0000000717400000, 0x0000000717400000, 0x0000000717800000|  0%| F|  |TAMS 0x0000000717400000, 0x0000000717400000| Untracked 
|1115|0x0000000717800000, 0x0000000717800000, 0x0000000717c00000|  0%| F|  |TAMS 0x0000000717800000, 0x0000000717800000| Untracked 
|1116|0x0000000717c00000, 0x0000000718000000, 0x0000000718000000|100%|HS|  |TAMS 0x0000000718000000, 0x0000000717c00000| Complete 
|1117|0x0000000718000000, 0x0000000718400000, 0x0000000718400000|100%|HC|  |TAMS 0x0000000718400000, 0x0000000718000000| Complete 
|1118|0x0000000718400000, 0x0000000718800000, 0x0000000718800000|100%|HC|  |TAMS 0x0000000718800000, 0x0000000718400000| Complete 
|1119|0x0000000718800000, 0x0000000718c00000, 0x0000000718c00000|100%|HS|  |TAMS 0x0000000718c00000, 0x0000000718800000| Complete 
|1120|0x0000000718c00000, 0x0000000719000000, 0x0000000719000000|100%|HC|  |TAMS 0x0000000719000000, 0x0000000718c00000| Complete 
|1121|0x0000000719000000, 0x0000000719400000, 0x0000000719400000|100%|HS|  |TAMS 0x0000000719400000, 0x0000000719000000| Complete 
|1122|0x0000000719400000, 0x0000000719800000, 0x0000000719800000|100%|HS|  |TAMS 0x0000000719800000, 0x0000000719400000| Complete 
|1123|0x0000000719800000, 0x0000000719c00000, 0x0000000719c00000|100%|HC|  |TAMS 0x0000000719c00000, 0x0000000719800000| Complete 
|1124|0x0000000719c00000, 0x000000071a000000, 0x000000071a000000|100%|HS|  |TAMS 0x000000071a000000, 0x0000000719c00000| Complete 
|1125|0x000000071a000000, 0x000000071a400000, 0x000000071a400000|100%|HC|  |TAMS 0x000000071a400000, 0x000000071a000000| Complete 
|1126|0x000000071a400000, 0x000000071a800000, 0x000000071a800000|100%|HS|  |TAMS 0x000000071a800000, 0x000000071a400000| Complete 
|1127|0x000000071a800000, 0x000000071ac00000, 0x000000071ac00000|100%|HS|  |TAMS 0x000000071ac00000, 0x000000071a800000| Complete 
|1128|0x000000071ac00000, 0x000000071b000000, 0x000000071b000000|100%|HC|  |TAMS 0x000000071b000000, 0x000000071ac00000| Complete 
|1129|0x000000071b000000, 0x000000071b400000, 0x000000071b400000|100%|HS|  |TAMS 0x000000071b400000, 0x000000071b000000| Complete 
|1130|0x000000071b400000, 0x000000071b800000, 0x000000071b800000|100%|HC|  |TAMS 0x000000071b800000, 0x000000071b400000| Complete 
|1131|0x000000071b800000, 0x000000071bc00000, 0x000000071bc00000|100%|HS|  |TAMS 0x000000071bc00000, 0x000000071b800000| Complete 
|1132|0x000000071bc00000, 0x000000071c000000, 0x000000071c000000|100%|HS|  |TAMS 0x000000071c000000, 0x000000071bc00000| Complete 
|1133|0x000000071c000000, 0x000000071c400000, 0x000000071c400000|100%|HC|  |TAMS 0x000000071c400000, 0x000000071c000000| Complete 
|1134|0x000000071c400000, 0x000000071c800000, 0x000000071c800000|100%|HS|  |TAMS 0x000000071c800000, 0x000000071c400000| Complete 
|1135|0x000000071c800000, 0x000000071cc00000, 0x000000071cc00000|100%|HC|  |TAMS 0x000000071cc00000, 0x000000071c800000| Complete 
|1136|0x000000071cc00000, 0x000000071d000000, 0x000000071d000000|100%|HS|  |TAMS 0x000000071d000000, 0x000000071cc00000| Complete 
|1137|0x000000071d000000, 0x000000071d400000, 0x000000071d400000|100%|HC|  |TAMS 0x000000071d400000, 0x000000071d000000| Complete 
|1138|0x000000071d400000, 0x000000071d800000, 0x000000071d800000|100%|HC|  |TAMS 0x000000071d800000, 0x000000071d400000| Complete 
|1139|0x000000071d800000, 0x000000071dc00000, 0x000000071dc00000|100%|HC|  |TAMS 0x000000071dc00000, 0x000000071d800000| Complete 
|1140|0x000000071dc00000, 0x000000071e000000, 0x000000071e000000|100%|HS|  |TAMS 0x000000071e000000, 0x000000071dc00000| Complete 
|1141|0x000000071e000000, 0x000000071e400000, 0x000000071e400000|100%|HS|  |TAMS 0x000000071e400000, 0x000000071e000000| Complete 
|1142|0x000000071e400000, 0x000000071e800000, 0x000000071e800000|100%|HC|  |TAMS 0x000000071e800000, 0x000000071e400000| Complete 
|1143|0x000000071e800000, 0x000000071ec00000, 0x000000071ec00000|100%|HS|  |TAMS 0x000000071ec00000, 0x000000071e800000| Complete 
|1144|0x000000071ec00000, 0x000000071f000000, 0x000000071f000000|100%|HS|  |TAMS 0x000000071f000000, 0x000000071ec00000| Complete 
|1145|0x000000071f000000, 0x000000071f400000, 0x000000071f400000|100%|HC|  |TAMS 0x000000071f400000, 0x000000071f000000| Complete 
|1146|0x000000071f400000, 0x000000071f800000, 0x000000071f800000|100%|HS|  |TAMS 0x000000071f800000, 0x000000071f400000| Complete 
|1147|0x000000071f800000, 0x000000071fc00000, 0x000000071fc00000|100%|HC|  |TAMS 0x000000071fc00000, 0x000000071f800000| Complete 
|1148|0x000000071fc00000, 0x0000000720000000, 0x0000000720000000|100%|HC|  |TAMS 0x0000000720000000, 0x000000071fc00000| Complete 
|1149|0x0000000720000000, 0x0000000720400000, 0x0000000720400000|100%|HC|  |TAMS 0x0000000720400000, 0x0000000720000000| Complete 
|1150|0x0000000720400000, 0x0000000720800000, 0x0000000720800000|100%|HS|  |TAMS 0x0000000720800000, 0x0000000720400000| Complete 
|1151|0x0000000720800000, 0x0000000720c00000, 0x0000000720c00000|100%|HS|  |TAMS 0x0000000720c00000, 0x0000000720800000| Complete 
|1152|0x0000000720c00000, 0x0000000721000000, 0x0000000721000000|100%|HS|  |TAMS 0x0000000721000000, 0x0000000720c00000| Complete 
|1153|0x0000000721000000, 0x0000000721400000, 0x0000000721400000|100%|HC|  |TAMS 0x0000000721400000, 0x0000000721000000| Complete 
|1154|0x0000000721400000, 0x0000000721800000, 0x0000000721800000|100%|HC|  |TAMS 0x0000000721800000, 0x0000000721400000| Complete 
|1155|0x0000000721800000, 0x0000000721c00000, 0x0000000721c00000|100%|HS|  |TAMS 0x0000000721c00000, 0x0000000721800000| Complete 
|1156|0x0000000721c00000, 0x0000000722000000, 0x0000000722000000|100%|HS|  |TAMS 0x0000000722000000, 0x0000000721c00000| Complete 
|1157|0x0000000722000000, 0x0000000722400000, 0x0000000722400000|100%|HC|  |TAMS 0x0000000722400000, 0x0000000722000000| Complete 
|1158|0x0000000722400000, 0x0000000722800000, 0x0000000722800000|100%|HS|  |TAMS 0x0000000722800000, 0x0000000722400000| Complete 
|1159|0x0000000722800000, 0x0000000722c00000, 0x0000000722c00000|100%|HC|  |TAMS 0x0000000722c00000, 0x0000000722800000| Complete 
|1160|0x0000000722c00000, 0x0000000723000000, 0x0000000723000000|100%|HS|  |TAMS 0x0000000723000000, 0x0000000722c00000| Complete 
|1161|0x0000000723000000, 0x0000000723400000, 0x0000000723400000|100%|HS|  |TAMS 0x0000000723400000, 0x0000000723000000| Complete 
|1162|0x0000000723400000, 0x0000000723800000, 0x0000000723800000|100%|HC|  |TAMS 0x0000000723800000, 0x0000000723400000| Complete 
|1163|0x0000000723800000, 0x0000000723c00000, 0x0000000723c00000|100%|HC|  |TAMS 0x0000000723c00000, 0x0000000723800000| Complete 
|1164|0x0000000723c00000, 0x0000000724000000, 0x0000000724000000|100%|HC|  |TAMS 0x0000000724000000, 0x0000000723c00000| Complete 
|1165|0x0000000724000000, 0x0000000724400000, 0x0000000724400000|100%|HS|  |TAMS 0x0000000724400000, 0x0000000724000000| Complete 
|1166|0x0000000724400000, 0x0000000724800000, 0x0000000724800000|100%|HC|  |TAMS 0x0000000724800000, 0x0000000724400000| Complete 
|1167|0x0000000724800000, 0x0000000724c00000, 0x0000000724c00000|100%|HS|  |TAMS 0x0000000724c00000, 0x0000000724800000| Complete 
|1168|0x0000000724c00000, 0x0000000725000000, 0x0000000725000000|100%|HC|  |TAMS 0x0000000725000000, 0x0000000724c00000| Complete 
|1169|0x0000000725000000, 0x0000000725400000, 0x0000000725400000|100%|HC|  |TAMS 0x0000000725400000, 0x0000000725000000| Complete 
|1170|0x0000000725400000, 0x0000000725800000, 0x0000000725800000|100%|HS|  |TAMS 0x0000000725800000, 0x0000000725400000| Complete 
|1171|0x0000000725800000, 0x0000000725c00000, 0x0000000725c00000|100%|HS|  |TAMS 0x0000000725c00000, 0x0000000725800000| Complete 
|1172|0x0000000725c00000, 0x0000000726000000, 0x0000000726000000|100%|HC|  |TAMS 0x0000000726000000, 0x0000000725c00000| Complete 
|1173|0x0000000726000000, 0x0000000726400000, 0x0000000726400000|100%|HS|  |TAMS 0x0000000726400000, 0x0000000726000000| Complete 
|1174|0x0000000726400000, 0x0000000726800000, 0x0000000726800000|100%|HC|  |TAMS 0x0000000726800000, 0x0000000726400000| Complete 
|1175|0x0000000726800000, 0x0000000726c00000, 0x0000000726c00000|100%|HS|  |TAMS 0x0000000726c00000, 0x0000000726800000| Complete 
|1176|0x0000000726c00000, 0x0000000727000000, 0x0000000727000000|100%|HC|  |TAMS 0x0000000727000000, 0x0000000726c00000| Complete 
|1177|0x0000000727000000, 0x0000000727400000, 0x0000000727400000|100%|HS|  |TAMS 0x0000000727400000, 0x0000000727000000| Complete 
|1178|0x0000000727400000, 0x0000000727800000, 0x0000000727800000|100%| O|  |TAMS 0x0000000727800000, 0x0000000727400000| Untracked 
|1179|0x0000000727800000, 0x0000000727c00000, 0x0000000727c00000|100%| O|  |TAMS 0x0000000727c00000, 0x0000000727800000| Untracked 
|1180|0x0000000727c00000, 0x0000000728000000, 0x0000000728000000|100%| O|  |TAMS 0x0000000728000000, 0x0000000727c00000| Updating 
|1181|0x0000000728000000, 0x0000000728400000, 0x0000000728400000|100%| O|  |TAMS 0x0000000728400000, 0x0000000728000000| Updating 
|1182|0x0000000728400000, 0x0000000728800000, 0x0000000728800000|100%| O|  |TAMS 0x0000000728800000, 0x0000000728400000| Untracked 
|1183|0x0000000728800000, 0x0000000728c00000, 0x0000000728c00000|100%| O|  |TAMS 0x0000000728c00000, 0x0000000728800000| Updating 
|1184|0x0000000728c00000, 0x0000000729000000, 0x0000000729000000|100%| O|  |TAMS 0x0000000729000000, 0x0000000728c00000| Updating 
|1185|0x0000000729000000, 0x0000000729400000, 0x0000000729400000|100%| O|  |TAMS 0x0000000729400000, 0x0000000729000000| Untracked 
|1186|0x0000000729400000, 0x0000000729800000, 0x0000000729800000|100%| O|  |TAMS 0x0000000729800000, 0x0000000729400000| Updating 
|1187|0x0000000729800000, 0x0000000729c00000, 0x0000000729c00000|100%| O|  |TAMS 0x0000000729c00000, 0x0000000729800000| Untracked 
|1188|0x0000000729c00000, 0x000000072a000000, 0x000000072a000000|100%| O|  |TAMS 0x000000072a000000, 0x0000000729c00000| Untracked 
|1189|0x000000072a000000, 0x000000072a400000, 0x000000072a400000|100%| O|  |TAMS 0x000000072a400000, 0x000000072a000000| Untracked 
|1190|0x000000072a400000, 0x000000072a800000, 0x000000072a800000|100%| O|  |TAMS 0x000000072a800000, 0x000000072a400000| Updating 
|1191|0x000000072a800000, 0x000000072ac00000, 0x000000072ac00000|100%| O|  |TAMS 0x000000072ac00000, 0x000000072a800000| Untracked 
|1192|0x000000072ac00000, 0x000000072b000000, 0x000000072b000000|100%| O|  |TAMS 0x000000072b000000, 0x000000072ac00000| Updating 
|1193|0x000000072b000000, 0x000000072b400000, 0x000000072b400000|100%| O|  |TAMS 0x000000072b400000, 0x000000072b000000| Updating 
|1194|0x000000072b400000, 0x000000072b800000, 0x000000072b800000|100%| O|  |TAMS 0x000000072b800000, 0x000000072b400000| Updating 
|1195|0x000000072b800000, 0x000000072bc00000, 0x000000072bc00000|100%| O|  |TAMS 0x000000072bc00000, 0x000000072b800000| Untracked 
|1196|0x000000072bc00000, 0x000000072c000000, 0x000000072c000000|100%| O|  |TAMS 0x000000072c000000, 0x000000072bc00000| Untracked 
|1197|0x000000072c000000, 0x000000072c400000, 0x000000072c400000|100%| O|  |TAMS 0x000000072c400000, 0x000000072c000000| Updating 
|1198|0x000000072c400000, 0x000000072c800000, 0x000000072c800000|100%| O|  |TAMS 0x000000072c800000, 0x000000072c400000| Updating 
|1199|0x000000072c800000, 0x000000072cc00000, 0x000000072cc00000|100%| O|  |TAMS 0x000000072cc00000, 0x000000072c800000| Updating 
|1200|0x000000072cc00000, 0x000000072d000000, 0x000000072d000000|100%| O|  |TAMS 0x000000072d000000, 0x000000072cc00000| Untracked 
|1201|0x000000072d000000, 0x000000072d400000, 0x000000072d400000|100%| O|  |TAMS 0x000000072d400000, 0x000000072d000000| Updating 
|1202|0x000000072d400000, 0x000000072d800000, 0x000000072d800000|100%| O|  |TAMS 0x000000072d800000, 0x000000072d400000| Updating 
|1203|0x000000072d800000, 0x000000072dc00000, 0x000000072dc00000|100%| O|  |TAMS 0x000000072dc00000, 0x000000072d800000| Untracked 
|1204|0x000000072dc00000, 0x000000072e000000, 0x000000072e000000|100%| O|  |TAMS 0x000000072e000000, 0x000000072dc00000| Untracked 
|1205|0x000000072e000000, 0x000000072e400000, 0x000000072e400000|100%| O|  |TAMS 0x000000072e400000, 0x000000072e000000| Updating 
|1206|0x000000072e400000, 0x000000072e800000, 0x000000072e800000|100%| O|  |TAMS 0x000000072e800000, 0x000000072e400000| Untracked 
|1207|0x000000072e800000, 0x000000072ec00000, 0x000000072ec00000|100%| O|  |TAMS 0x000000072ec00000, 0x000000072e800000| Untracked 
|1208|0x000000072ec00000, 0x000000072f000000, 0x000000072f000000|100%| O|  |TAMS 0x000000072f000000, 0x000000072ec00000| Updating 
|1209|0x000000072f000000, 0x000000072f400000, 0x000000072f400000|100%| O|  |TAMS 0x000000072f400000, 0x000000072f000000| Untracked 
|1210|0x000000072f400000, 0x000000072f800000, 0x000000072f800000|100%| O|  |TAMS 0x000000072f800000, 0x000000072f400000| Untracked 
|1211|0x000000072f800000, 0x000000072fc00000, 0x000000072fc00000|100%| O|  |TAMS 0x000000072fc00000, 0x000000072f800000| Updating 
|1212|0x000000072fc00000, 0x0000000730000000, 0x0000000730000000|100%| O|  |TAMS 0x0000000730000000, 0x000000072fc00000| Updating 
|1213|0x0000000730000000, 0x0000000730400000, 0x0000000730400000|100%| O|  |TAMS 0x0000000730400000, 0x0000000730000000| Untracked 
|1214|0x0000000730400000, 0x0000000730800000, 0x0000000730800000|100%| O|  |TAMS 0x0000000730800000, 0x0000000730400000| Updating 
|1215|0x0000000730800000, 0x0000000730c00000, 0x0000000730c00000|100%| O|  |TAMS 0x0000000730c00000, 0x0000000730800000| Updating 
|1216|0x0000000730c00000, 0x0000000731000000, 0x0000000731000000|100%| O|  |TAMS 0x0000000731000000, 0x0000000730c00000| Untracked 
|1217|0x0000000731000000, 0x0000000731400000, 0x0000000731400000|100%| O|  |TAMS 0x0000000731400000, 0x0000000731000000| Untracked 
|1218|0x0000000731400000, 0x0000000731800000, 0x0000000731800000|100%| O|  |TAMS 0x0000000731800000, 0x0000000731400000| Untracked 
|1219|0x0000000731800000, 0x0000000731c00000, 0x0000000731c00000|100%| O|  |TAMS 0x0000000731c00000, 0x0000000731800000| Updating 
|1220|0x0000000731c00000, 0x0000000732000000, 0x0000000732000000|100%| O|  |TAMS 0x0000000732000000, 0x0000000731c00000| Updating 
|1221|0x0000000732000000, 0x0000000732400000, 0x0000000732400000|100%| O|  |TAMS 0x0000000732400000, 0x0000000732000000| Updating 
|1222|0x0000000732400000, 0x0000000732800000, 0x0000000732800000|100%| O|  |TAMS 0x0000000732800000, 0x0000000732400000| Untracked 
|1223|0x0000000732800000, 0x0000000732c00000, 0x0000000732c00000|100%| O|  |TAMS 0x0000000732c00000, 0x0000000732800000| Untracked 
|1224|0x0000000732c00000, 0x0000000732c00000, 0x0000000733000000|  0%| F|  |TAMS 0x0000000732c00000, 0x0000000732c00000| Untracked 
|1225|0x0000000733000000, 0x0000000733000000, 0x0000000733400000|  0%| F|  |TAMS 0x0000000733000000, 0x0000000733000000| Untracked 
|1226|0x0000000733400000, 0x0000000733400000, 0x0000000733800000|  0%| F|  |TAMS 0x0000000733400000, 0x0000000733400000| Untracked 
|1227|0x0000000733800000, 0x0000000733800000, 0x0000000733c00000|  0%| F|  |TAMS 0x0000000733800000, 0x0000000733800000| Untracked 
|1228|0x0000000733c00000, 0x0000000733c00000, 0x0000000734000000|  0%| F|  |TAMS 0x0000000733c00000, 0x0000000733c00000| Untracked 
|1229|0x0000000734000000, 0x0000000734000000, 0x0000000734400000|  0%| F|  |TAMS 0x0000000734000000, 0x0000000734000000| Untracked 
|1230|0x0000000734400000, 0x0000000734400000, 0x0000000734800000|  0%| F|  |TAMS 0x0000000734400000, 0x0000000734400000| Untracked 
|1231|0x0000000734800000, 0x0000000734800000, 0x0000000734c00000|  0%| F|  |TAMS 0x0000000734800000, 0x0000000734800000| Untracked 
|1232|0x0000000734c00000, 0x0000000734c00000, 0x0000000735000000|  0%| F|  |TAMS 0x0000000734c00000, 0x0000000734c00000| Untracked 
|1233|0x0000000735000000, 0x0000000735000000, 0x0000000735400000|  0%| F|  |TAMS 0x0000000735000000, 0x0000000735000000| Untracked 
|1234|0x0000000735400000, 0x0000000735400000, 0x0000000735800000|  0%| F|  |TAMS 0x0000000735400000, 0x0000000735400000| Untracked 
|1235|0x0000000735800000, 0x0000000735800000, 0x0000000735c00000|  0%| F|  |TAMS 0x0000000735800000, 0x0000000735800000| Untracked 
|1236|0x0000000735c00000, 0x0000000735c00000, 0x0000000736000000|  0%| F|  |TAMS 0x0000000735c00000, 0x0000000735c00000| Untracked 
|1237|0x0000000736000000, 0x0000000736000000, 0x0000000736400000|  0%| F|  |TAMS 0x0000000736000000, 0x0000000736000000| Untracked 
|1238|0x0000000736400000, 0x0000000736400000, 0x0000000736800000|  0%| F|  |TAMS 0x0000000736400000, 0x0000000736400000| Untracked 
|1239|0x0000000736800000, 0x0000000736800000, 0x0000000736c00000|  0%| F|  |TAMS 0x0000000736800000, 0x0000000736800000| Untracked 
|1240|0x0000000736c00000, 0x0000000736c00000, 0x0000000737000000|  0%| F|  |TAMS 0x0000000736c00000, 0x0000000736c00000| Untracked 
|1241|0x0000000737000000, 0x0000000737400000, 0x0000000737400000|100%|HS|  |TAMS 0x0000000737400000, 0x0000000737000000| Complete 
|1242|0x0000000737400000, 0x0000000737800000, 0x0000000737800000|100%|HC|  |TAMS 0x0000000737800000, 0x0000000737400000| Complete 
|1243|0x0000000737800000, 0x0000000737c00000, 0x0000000737c00000|100%|HC|  |TAMS 0x0000000737c00000, 0x0000000737800000| Complete 
|1244|0x0000000737c00000, 0x0000000738000000, 0x0000000738000000|100%|HC|  |TAMS 0x0000000738000000, 0x0000000737c00000| Complete 
|1245|0x0000000738000000, 0x0000000738400000, 0x0000000738400000|100%|HC|  |TAMS 0x0000000738400000, 0x0000000738000000| Complete 
|1246|0x0000000738400000, 0x0000000738800000, 0x0000000738800000|100%|HC|  |TAMS 0x0000000738800000, 0x0000000738400000| Complete 
|1247|0x0000000738800000, 0x0000000738c00000, 0x0000000738c00000|100%|HC|  |TAMS 0x0000000738c00000, 0x0000000738800000| Complete 
|1248|0x0000000738c00000, 0x0000000739000000, 0x0000000739000000|100%|HC|  |TAMS 0x0000000739000000, 0x0000000738c00000| Complete 
|1249|0x0000000739000000, 0x0000000739400000, 0x0000000739400000|100%|HC|  |TAMS 0x0000000739400000, 0x0000000739000000| Complete 
|1250|0x0000000739400000, 0x0000000739800000, 0x0000000739800000|100%|HS|  |TAMS 0x0000000739800000, 0x0000000739400000| Complete 
|1251|0x0000000739800000, 0x0000000739c00000, 0x0000000739c00000|100%|HC|  |TAMS 0x0000000739c00000, 0x0000000739800000| Complete 
|1252|0x0000000739c00000, 0x000000073a000000, 0x000000073a000000|100%|HC|  |TAMS 0x000000073a000000, 0x0000000739c00000| Complete 
|1253|0x000000073a000000, 0x000000073a400000, 0x000000073a400000|100%|HC|  |TAMS 0x000000073a400000, 0x000000073a000000| Complete 
|1254|0x000000073a400000, 0x000000073a800000, 0x000000073a800000|100%|HC|  |TAMS 0x000000073a800000, 0x000000073a400000| Complete 
|1255|0x000000073a800000, 0x000000073ac00000, 0x000000073ac00000|100%|HS|  |TAMS 0x000000073ac00000, 0x000000073a800000| Complete 
|1256|0x000000073ac00000, 0x000000073b000000, 0x000000073b000000|100%|HC|  |TAMS 0x000000073b000000, 0x000000073ac00000| Complete 
|1257|0x000000073b000000, 0x000000073b400000, 0x000000073b400000|100%|HC|  |TAMS 0x000000073b400000, 0x000000073b000000| Complete 
|1258|0x000000073b400000, 0x000000073b800000, 0x000000073b800000|100%|HS|  |TAMS 0x000000073b800000, 0x000000073b400000| Complete 
|1259|0x000000073b800000, 0x000000073bc00000, 0x000000073bc00000|100%|HC|  |TAMS 0x000000073bc00000, 0x000000073b800000| Complete 
|1260|0x000000073bc00000, 0x000000073c000000, 0x000000073c000000|100%|HS|  |TAMS 0x000000073c000000, 0x000000073bc00000| Complete 
|1261|0x000000073c000000, 0x000000073c400000, 0x000000073c400000|100%|HC|  |TAMS 0x000000073c400000, 0x000000073c000000| Complete 
|1262|0x000000073c400000, 0x000000073c800000, 0x000000073c800000|100%|HC|  |TAMS 0x000000073c800000, 0x000000073c400000| Complete 
|1263|0x000000073c800000, 0x000000073cc00000, 0x000000073cc00000|100%|HC|  |TAMS 0x000000073cc00000, 0x000000073c800000| Complete 
|1264|0x000000073cc00000, 0x000000073d000000, 0x000000073d000000|100%|HC|  |TAMS 0x000000073d000000, 0x000000073cc00000| Complete 
|1265|0x000000073d000000, 0x000000073d400000, 0x000000073d400000|100%|HS|  |TAMS 0x000000073d400000, 0x000000073d000000| Complete 
|1266|0x000000073d400000, 0x000000073d800000, 0x000000073d800000|100%|HC|  |TAMS 0x000000073d800000, 0x000000073d400000| Complete 
|1267|0x000000073d800000, 0x000000073dc00000, 0x000000073dc00000|100%|HS|  |TAMS 0x000000073dc00000, 0x000000073d800000| Complete 
|1268|0x000000073dc00000, 0x000000073e000000, 0x000000073e000000|100%|HC|  |TAMS 0x000000073e000000, 0x000000073dc00000| Complete 
|1269|0x000000073e000000, 0x000000073e400000, 0x000000073e400000|100%|HC|  |TAMS 0x000000073e400000, 0x000000073e000000| Complete 
|1270|0x000000073e400000, 0x000000073e800000, 0x000000073e800000|100%|HS|  |TAMS 0x000000073e800000, 0x000000073e400000| Complete 
|1271|0x000000073e800000, 0x000000073ec00000, 0x000000073ec00000|100%|HC|  |TAMS 0x000000073ec00000, 0x000000073e800000| Complete 
|1272|0x000000073ec00000, 0x000000073f000000, 0x000000073f000000|100%|HS|  |TAMS 0x000000073f000000, 0x000000073ec00000| Complete 
|1273|0x000000073f000000, 0x000000073f400000, 0x000000073f400000|100%|HC|  |TAMS 0x000000073f400000, 0x000000073f000000| Complete 
|1274|0x000000073f400000, 0x000000073f800000, 0x000000073f800000|100%|HS|  |TAMS 0x000000073f800000, 0x000000073f400000| Complete 
|1275|0x000000073f800000, 0x000000073fc00000, 0x000000073fc00000|100%|HC|  |TAMS 0x000000073fc00000, 0x000000073f800000| Complete 
|1276|0x000000073fc00000, 0x0000000740000000, 0x0000000740000000|100%|HS|  |TAMS 0x0000000740000000, 0x000000073fc00000| Complete 
|1277|0x0000000740000000, 0x0000000740400000, 0x0000000740400000|100%|HC|  |TAMS 0x0000000740400000, 0x0000000740000000| Complete 
|1278|0x0000000740400000, 0x0000000740800000, 0x0000000740800000|100%|HC|  |TAMS 0x0000000740800000, 0x0000000740400000| Complete 
|1279|0x0000000740800000, 0x0000000740c00000, 0x0000000740c00000|100%|HC|  |TAMS 0x0000000740c00000, 0x0000000740800000| Complete 
|1280|0x0000000740c00000, 0x0000000741000000, 0x0000000741000000|100%|HC|  |TAMS 0x0000000741000000, 0x0000000740c00000| Complete 
|1281|0x0000000741000000, 0x0000000741400000, 0x0000000741400000|100%|HC|  |TAMS 0x0000000741400000, 0x0000000741000000| Complete 
|1282|0x0000000741400000, 0x0000000741800000, 0x0000000741800000|100%|HC|  |TAMS 0x0000000741800000, 0x0000000741400000| Complete 
|1283|0x0000000741800000, 0x0000000741c00000, 0x0000000741c00000|100%|HS|  |TAMS 0x0000000741c00000, 0x0000000741800000| Complete 
|1284|0x0000000741c00000, 0x0000000742000000, 0x0000000742000000|100%|HC|  |TAMS 0x0000000742000000, 0x0000000741c00000| Complete 
|1285|0x0000000742000000, 0x0000000742400000, 0x0000000742400000|100%|HC|  |TAMS 0x0000000742400000, 0x0000000742000000| Complete 
|1286|0x0000000742400000, 0x0000000742800000, 0x0000000742800000|100%|HS|  |TAMS 0x0000000742800000, 0x0000000742400000| Complete 
|1287|0x0000000742800000, 0x0000000742c00000, 0x0000000742c00000|100%|HC|  |TAMS 0x0000000742c00000, 0x0000000742800000| Complete 
|1288|0x0000000742c00000, 0x0000000743000000, 0x0000000743000000|100%|HC|  |TAMS 0x0000000743000000, 0x0000000742c00000| Complete 
|1289|0x0000000743000000, 0x0000000743400000, 0x0000000743400000|100%|HS|  |TAMS 0x0000000743400000, 0x0000000743000000| Complete 
|1290|0x0000000743400000, 0x0000000743800000, 0x0000000743800000|100%|HC|  |TAMS 0x0000000743800000, 0x0000000743400000| Complete 
|1291|0x0000000743800000, 0x0000000743c00000, 0x0000000743c00000|100%|HS|  |TAMS 0x0000000743c00000, 0x0000000743800000| Complete 
|1292|0x0000000743c00000, 0x0000000744000000, 0x0000000744000000|100%|HC|  |TAMS 0x0000000744000000, 0x0000000743c00000| Complete 
|1293|0x0000000744000000, 0x0000000744400000, 0x0000000744400000|100%|HC|  |TAMS 0x0000000744400000, 0x0000000744000000| Complete 
|1294|0x0000000744400000, 0x0000000744800000, 0x0000000744800000|100%|HS|  |TAMS 0x0000000744800000, 0x0000000744400000| Complete 
|1295|0x0000000744800000, 0x0000000744c00000, 0x0000000744c00000|100%|HC|  |TAMS 0x0000000744c00000, 0x0000000744800000| Complete 
|1296|0x0000000744c00000, 0x0000000745000000, 0x0000000745000000|100%|HS|  |TAMS 0x0000000745000000, 0x0000000744c00000| Complete 
|1297|0x0000000745000000, 0x0000000745400000, 0x0000000745400000|100%|HS|  |TAMS 0x0000000745400000, 0x0000000745000000| Complete 
|1298|0x0000000745400000, 0x0000000745800000, 0x0000000745800000|100%|HC|  |TAMS 0x0000000745800000, 0x0000000745400000| Complete 
|1299|0x0000000745800000, 0x0000000745c00000, 0x0000000745c00000|100%|HC|  |TAMS 0x0000000745c00000, 0x0000000745800000| Complete 
|1300|0x0000000745c00000, 0x0000000746000000, 0x0000000746000000|100%|HS|  |TAMS 0x0000000746000000, 0x0000000745c00000| Complete 
|1301|0x0000000746000000, 0x0000000746400000, 0x0000000746400000|100%|HC|  |TAMS 0x0000000746400000, 0x0000000746000000| Complete 
|1302|0x0000000746400000, 0x0000000746800000, 0x0000000746800000|100%|HS|  |TAMS 0x0000000746800000, 0x0000000746400000| Complete 
|1303|0x0000000746800000, 0x0000000746c00000, 0x0000000746c00000|100%|HS|  |TAMS 0x0000000746c00000, 0x0000000746800000| Complete 
|1304|0x0000000746c00000, 0x0000000747000000, 0x0000000747000000|100%|HC|  |TAMS 0x0000000747000000, 0x0000000746c00000| Complete 
|1305|0x0000000747000000, 0x0000000747400000, 0x0000000747400000|100%|HS|  |TAMS 0x0000000747400000, 0x0000000747000000| Complete 
|1306|0x0000000747400000, 0x0000000747800000, 0x0000000747800000|100%|HC|  |TAMS 0x0000000747800000, 0x0000000747400000| Complete 
|1307|0x0000000747800000, 0x0000000747c00000, 0x0000000747c00000|100%|HC|  |TAMS 0x0000000747c00000, 0x0000000747800000| Complete 
|1308|0x0000000747c00000, 0x0000000748000000, 0x0000000748000000|100%|HC|  |TAMS 0x0000000748000000, 0x0000000747c00000| Complete 
|1309|0x0000000748000000, 0x0000000748400000, 0x0000000748400000|100%|HC|  |TAMS 0x0000000748400000, 0x0000000748000000| Complete 
|1310|0x0000000748400000, 0x0000000748400000, 0x0000000748800000|  0%| F|  |TAMS 0x0000000748400000, 0x0000000748400000| Untracked 
|1311|0x0000000748800000, 0x0000000748800000, 0x0000000748c00000|  0%| F|  |TAMS 0x0000000748800000, 0x0000000748800000| Untracked 
|1312|0x0000000748c00000, 0x0000000748c00000, 0x0000000749000000|  0%| F|  |TAMS 0x0000000748c00000, 0x0000000748c00000| Untracked 
|1313|0x0000000749000000, 0x0000000749000000, 0x0000000749400000|  0%| F|  |TAMS 0x0000000749000000, 0x0000000749000000| Untracked 
|1314|0x0000000749400000, 0x0000000749400000, 0x0000000749800000|  0%| F|  |TAMS 0x0000000749400000, 0x0000000749400000| Untracked 
|1315|0x0000000749800000, 0x0000000749800000, 0x0000000749c00000|  0%| F|  |TAMS 0x0000000749800000, 0x0000000749800000| Untracked 
|1316|0x0000000749c00000, 0x000000074a000000, 0x000000074a000000|100%|HS|  |TAMS 0x000000074a000000, 0x0000000749c00000| Complete 
|1317|0x000000074a000000, 0x000000074a400000, 0x000000074a400000|100%|HC|  |TAMS 0x000000074a400000, 0x000000074a000000| Complete 
|1318|0x000000074a400000, 0x000000074a800000, 0x000000074a800000|100%|HC|  |TAMS 0x000000074a800000, 0x000000074a400000| Complete 
|1319|0x000000074a800000, 0x000000074a800000, 0x000000074ac00000|  0%| F|  |TAMS 0x000000074a800000, 0x000000074a800000| Untracked 
|1320|0x000000074ac00000, 0x000000074ac00000, 0x000000074b000000|  0%| F|  |TAMS 0x000000074ac00000, 0x000000074ac00000| Untracked 
|1321|0x000000074b000000, 0x000000074b000000, 0x000000074b400000|  0%| F|  |TAMS 0x000000074b000000, 0x000000074b000000| Untracked 
|1322|0x000000074b400000, 0x000000074b400000, 0x000000074b800000|  0%| F|  |TAMS 0x000000074b400000, 0x000000074b400000| Untracked 
|1323|0x000000074b800000, 0x000000074b800000, 0x000000074bc00000|  0%| F|  |TAMS 0x000000074b800000, 0x000000074b800000| Untracked 
|1324|0x000000074bc00000, 0x000000074bc00000, 0x000000074c000000|  0%| F|  |TAMS 0x000000074bc00000, 0x000000074bc00000| Untracked 
|1325|0x000000074c000000, 0x000000074c000000, 0x000000074c400000|  0%| F|  |TAMS 0x000000074c000000, 0x000000074c000000| Untracked 
|1326|0x000000074c400000, 0x000000074c400000, 0x000000074c800000|  0%| F|  |TAMS 0x000000074c400000, 0x000000074c400000| Untracked 
|1327|0x000000074c800000, 0x000000074c800000, 0x000000074cc00000|  0%| F|  |TAMS 0x000000074c800000, 0x000000074c800000| Untracked 
|1328|0x000000074cc00000, 0x000000074cc00000, 0x000000074d000000|  0%| F|  |TAMS 0x000000074cc00000, 0x000000074cc00000| Untracked 
|1329|0x000000074d000000, 0x000000074d000000, 0x000000074d400000|  0%| F|  |TAMS 0x000000074d000000, 0x000000074d000000| Untracked 
|1330|0x000000074d400000, 0x000000074d400000, 0x000000074d800000|  0%| F|  |TAMS 0x000000074d400000, 0x000000074d400000| Untracked 
|1331|0x000000074d800000, 0x000000074d800000, 0x000000074dc00000|  0%| F|  |TAMS 0x000000074d800000, 0x000000074d800000| Untracked 
|1332|0x000000074dc00000, 0x000000074dc00000, 0x000000074e000000|  0%| F|  |TAMS 0x000000074dc00000, 0x000000074dc00000| Untracked 
|1333|0x000000074e000000, 0x000000074e400000, 0x000000074e400000|100%|HS|  |TAMS 0x000000074e400000, 0x000000074e000000| Complete 
|1334|0x000000074e400000, 0x000000074e800000, 0x000000074e800000|100%|HC|  |TAMS 0x000000074e800000, 0x000000074e400000| Complete 
|1335|0x000000074e800000, 0x000000074ec00000, 0x000000074ec00000|100%|HC|  |TAMS 0x000000074ec00000, 0x000000074e800000| Complete 
|1336|0x000000074ec00000, 0x000000074f000000, 0x000000074f000000|100%|HS|  |TAMS 0x000000074f000000, 0x000000074ec00000| Complete 
|1337|0x000000074f000000, 0x000000074f400000, 0x000000074f400000|100%|HC|  |TAMS 0x000000074f400000, 0x000000074f000000| Complete 
|1338|0x000000074f400000, 0x000000074f800000, 0x000000074f800000|100%|HC|  |TAMS 0x000000074f800000, 0x000000074f400000| Complete 
|1339|0x000000074f800000, 0x000000074fc00000, 0x000000074fc00000|100%|HC|  |TAMS 0x000000074fc00000, 0x000000074f800000| Complete 
|1340|0x000000074fc00000, 0x0000000750000000, 0x0000000750000000|100%|HC|  |TAMS 0x0000000750000000, 0x000000074fc00000| Complete 
|1341|0x0000000750000000, 0x0000000750400000, 0x0000000750400000|100%|HC|  |TAMS 0x0000000750400000, 0x0000000750000000| Complete 
|1342|0x0000000750400000, 0x0000000750800000, 0x0000000750800000|100%|HC|  |TAMS 0x0000000750800000, 0x0000000750400000| Complete 
|1343|0x0000000750800000, 0x0000000750c00000, 0x0000000750c00000|100%|HC|  |TAMS 0x0000000750c00000, 0x0000000750800000| Complete 
|1344|0x0000000750c00000, 0x0000000751000000, 0x0000000751000000|100%|HC|  |TAMS 0x0000000751000000, 0x0000000750c00000| Complete 
|1345|0x0000000751000000, 0x0000000751400000, 0x0000000751400000|100%|HC|  |TAMS 0x0000000751400000, 0x0000000751000000| Complete 
|1346|0x0000000751400000, 0x0000000751800000, 0x0000000751800000|100%|HC|  |TAMS 0x0000000751800000, 0x0000000751400000| Complete 
|1347|0x0000000751800000, 0x0000000751c00000, 0x0000000751c00000|100%|HC|  |TAMS 0x0000000751c00000, 0x0000000751800000| Complete 
|1348|0x0000000751c00000, 0x0000000752000000, 0x0000000752000000|100%|HC|  |TAMS 0x0000000752000000, 0x0000000751c00000| Complete 
|1349|0x0000000752000000, 0x0000000752400000, 0x0000000752400000|100%|HC|  |TAMS 0x0000000752400000, 0x0000000752000000| Complete 
|1350|0x0000000752400000, 0x0000000752800000, 0x0000000752800000|100%|HC|  |TAMS 0x0000000752800000, 0x0000000752400000| Complete 
|1351|0x0000000752800000, 0x0000000752c00000, 0x0000000752c00000|100%|HC|  |TAMS 0x0000000752c00000, 0x0000000752800000| Complete 
|1352|0x0000000752c00000, 0x0000000753000000, 0x0000000753000000|100%|HC|  |TAMS 0x0000000753000000, 0x0000000752c00000| Complete 
|1353|0x0000000753000000, 0x0000000753000000, 0x0000000753400000|  0%| F|  |TAMS 0x0000000753000000, 0x0000000753000000| Untracked 
|1354|0x0000000753400000, 0x0000000753400000, 0x0000000753800000|  0%| F|  |TAMS 0x0000000753400000, 0x0000000753400000| Untracked 
|1355|0x0000000753800000, 0x0000000753800000, 0x0000000753c00000|  0%| F|  |TAMS 0x0000000753800000, 0x0000000753800000| Untracked 
|1356|0x0000000753c00000, 0x0000000753c00000, 0x0000000754000000|  0%| F|  |TAMS 0x0000000753c00000, 0x0000000753c00000| Untracked 
|1357|0x0000000754000000, 0x0000000754000000, 0x0000000754400000|  0%| F|  |TAMS 0x0000000754000000, 0x0000000754000000| Untracked 
|1358|0x0000000754400000, 0x0000000754400000, 0x0000000754800000|  0%| F|  |TAMS 0x0000000754400000, 0x0000000754400000| Untracked 
|1359|0x0000000754800000, 0x0000000754800000, 0x0000000754c00000|  0%| F|  |TAMS 0x0000000754800000, 0x0000000754800000| Untracked 
|1360|0x0000000754c00000, 0x0000000754c00000, 0x0000000755000000|  0%| F|  |TAMS 0x0000000754c00000, 0x0000000754c00000| Untracked 
|1361|0x0000000755000000, 0x0000000755400000, 0x0000000755400000|100%|HS|  |TAMS 0x0000000755400000, 0x0000000755000000| Complete 
|1362|0x0000000755400000, 0x0000000755800000, 0x0000000755800000|100%|HC|  |TAMS 0x0000000755800000, 0x0000000755400000| Complete 
|1363|0x0000000755800000, 0x0000000755c00000, 0x0000000755c00000|100%|HC|  |TAMS 0x0000000755c00000, 0x0000000755800000| Complete 
|1364|0x0000000755c00000, 0x0000000756000000, 0x0000000756000000|100%|HC|  |TAMS 0x0000000756000000, 0x0000000755c00000| Complete 
|1365|0x0000000756000000, 0x0000000756400000, 0x0000000756400000|100%|HC|  |TAMS 0x0000000756400000, 0x0000000756000000| Complete 
|1366|0x0000000756400000, 0x0000000756800000, 0x0000000756800000|100%|HC|  |TAMS 0x0000000756800000, 0x0000000756400000| Complete 
|1367|0x0000000756800000, 0x0000000756c00000, 0x0000000756c00000|100%|HC|  |TAMS 0x0000000756c00000, 0x0000000756800000| Complete 
|1368|0x0000000756c00000, 0x0000000757000000, 0x0000000757000000|100%|HC|  |TAMS 0x0000000757000000, 0x0000000756c00000| Complete 
|1369|0x0000000757000000, 0x0000000757400000, 0x0000000757400000|100%|HC|  |TAMS 0x0000000757400000, 0x0000000757000000| Complete 
|1370|0x0000000757400000, 0x0000000757800000, 0x0000000757800000|100%|HC|  |TAMS 0x0000000757800000, 0x0000000757400000| Complete 
|1371|0x0000000757800000, 0x0000000757c00000, 0x0000000757c00000|100%|HC|  |TAMS 0x0000000757c00000, 0x0000000757800000| Complete 
|1372|0x0000000757c00000, 0x0000000758000000, 0x0000000758000000|100%|HC|  |TAMS 0x0000000758000000, 0x0000000757c00000| Complete 
|1373|0x0000000758000000, 0x0000000758400000, 0x0000000758400000|100%|HC|  |TAMS 0x0000000758400000, 0x0000000758000000| Complete 
|1374|0x0000000758400000, 0x0000000758800000, 0x0000000758800000|100%|HC|  |TAMS 0x0000000758800000, 0x0000000758400000| Complete 
|1375|0x0000000758800000, 0x0000000758c00000, 0x0000000758c00000|100%|HC|  |TAMS 0x0000000758c00000, 0x0000000758800000| Complete 
|1376|0x0000000758c00000, 0x0000000759000000, 0x0000000759000000|100%|HC|  |TAMS 0x0000000759000000, 0x0000000758c00000| Complete 
|1377|0x0000000759000000, 0x0000000759400000, 0x0000000759400000|100%|HC|  |TAMS 0x0000000759400000, 0x0000000759000000| Complete 
|1378|0x0000000759400000, 0x0000000759800000, 0x0000000759800000|100%|HC|  |TAMS 0x0000000759800000, 0x0000000759400000| Complete 
|1379|0x0000000759800000, 0x0000000759c00000, 0x0000000759c00000|100%|HC|  |TAMS 0x0000000759c00000, 0x0000000759800000| Complete 
|1380|0x0000000759c00000, 0x000000075a000000, 0x000000075a000000|100%|HC|  |TAMS 0x000000075a000000, 0x0000000759c00000| Complete 
|1381|0x000000075a000000, 0x000000075a400000, 0x000000075a400000|100%|HC|  |TAMS 0x000000075a400000, 0x000000075a000000| Complete 
|1382|0x000000075a400000, 0x000000075a800000, 0x000000075a800000|100%|HC|  |TAMS 0x000000075a800000, 0x000000075a400000| Complete 
|1383|0x000000075a800000, 0x000000075ac00000, 0x000000075ac00000|100%|HC|  |TAMS 0x000000075ac00000, 0x000000075a800000| Complete 
|1384|0x000000075ac00000, 0x000000075b000000, 0x000000075b000000|100%|HC|  |TAMS 0x000000075b000000, 0x000000075ac00000| Complete 
|1385|0x000000075b000000, 0x000000075b400000, 0x000000075b400000|100%|HC|  |TAMS 0x000000075b400000, 0x000000075b000000| Complete 
|1386|0x000000075b400000, 0x000000075b800000, 0x000000075b800000|100%|HC|  |TAMS 0x000000075b800000, 0x000000075b400000| Complete 
|1387|0x000000075b800000, 0x000000075bc00000, 0x000000075bc00000|100%|HC|  |TAMS 0x000000075bc00000, 0x000000075b800000| Complete 
|1388|0x000000075bc00000, 0x000000075c000000, 0x000000075c000000|100%|HC|  |TAMS 0x000000075c000000, 0x000000075bc00000| Complete 
|1389|0x000000075c000000, 0x000000075c400000, 0x000000075c400000|100%|HC|  |TAMS 0x000000075c400000, 0x000000075c000000| Complete 
|1390|0x000000075c400000, 0x000000075c800000, 0x000000075c800000|100%|HC|  |TAMS 0x000000075c800000, 0x000000075c400000| Complete 
|1391|0x000000075c800000, 0x000000075cc00000, 0x000000075cc00000|100%|HC|  |TAMS 0x000000075cc00000, 0x000000075c800000| Complete 
|1392|0x000000075cc00000, 0x000000075d000000, 0x000000075d000000|100%|HC|  |TAMS 0x000000075d000000, 0x000000075cc00000| Complete 
|1393|0x000000075d000000, 0x000000075d400000, 0x000000075d400000|100%|HC|  |TAMS 0x000000075d400000, 0x000000075d000000| Complete 
|1394|0x000000075d400000, 0x000000075d800000, 0x000000075d800000|100%|HS|  |TAMS 0x000000075d800000, 0x000000075d400000| Complete 
|1395|0x000000075d800000, 0x000000075dc00000, 0x000000075dc00000|100%|HC|  |TAMS 0x000000075dc00000, 0x000000075d800000| Complete 
|1396|0x000000075dc00000, 0x000000075e000000, 0x000000075e000000|100%|HC|  |TAMS 0x000000075e000000, 0x000000075dc00000| Complete 
|1397|0x000000075e000000, 0x000000075e400000, 0x000000075e400000|100%|HC|  |TAMS 0x000000075e400000, 0x000000075e000000| Complete 
|1398|0x000000075e400000, 0x000000075e800000, 0x000000075e800000|100%|HC|  |TAMS 0x000000075e800000, 0x000000075e400000| Complete 
|1399|0x000000075e800000, 0x000000075ec00000, 0x000000075ec00000|100%|HC|  |TAMS 0x000000075ec00000, 0x000000075e800000| Complete 
|1400|0x000000075ec00000, 0x000000075f000000, 0x000000075f000000|100%|HC|  |TAMS 0x000000075f000000, 0x000000075ec00000| Complete 
|1401|0x000000075f000000, 0x000000075f400000, 0x000000075f400000|100%|HC|  |TAMS 0x000000075f400000, 0x000000075f000000| Complete 
|1402|0x000000075f400000, 0x000000075f800000, 0x000000075f800000|100%|HC|  |TAMS 0x000000075f800000, 0x000000075f400000| Complete 
|1403|0x000000075f800000, 0x000000075fc00000, 0x000000075fc00000|100%|HS|  |TAMS 0x000000075fc00000, 0x000000075f800000| Complete 
|1404|0x000000075fc00000, 0x0000000760000000, 0x0000000760000000|100%|HC|  |TAMS 0x0000000760000000, 0x000000075fc00000| Complete 
|1405|0x0000000760000000, 0x0000000760400000, 0x0000000760400000|100%|HC|  |TAMS 0x0000000760400000, 0x0000000760000000| Complete 
|1406|0x0000000760400000, 0x0000000760800000, 0x0000000760800000|100%|HC|  |TAMS 0x0000000760800000, 0x0000000760400000| Complete 
|1407|0x0000000760800000, 0x0000000760c00000, 0x0000000760c00000|100%|HC|  |TAMS 0x0000000760c00000, 0x0000000760800000| Complete 
|1408|0x0000000760c00000, 0x0000000761000000, 0x0000000761000000|100%|HS|  |TAMS 0x0000000761000000, 0x0000000760c00000| Complete 
|1409|0x0000000761000000, 0x0000000761400000, 0x0000000761400000|100%|HC|  |TAMS 0x0000000761400000, 0x0000000761000000| Complete 
|1410|0x0000000761400000, 0x0000000761800000, 0x0000000761800000|100%|HC|  |TAMS 0x0000000761800000, 0x0000000761400000| Complete 
|1411|0x0000000761800000, 0x0000000761c00000, 0x0000000761c00000|100%|HS|  |TAMS 0x0000000761c00000, 0x0000000761800000| Complete 
|1412|0x0000000761c00000, 0x0000000762000000, 0x0000000762000000|100%|HC|  |TAMS 0x0000000762000000, 0x0000000761c00000| Complete 
|1413|0x0000000762000000, 0x0000000762400000, 0x0000000762400000|100%|HC|  |TAMS 0x0000000762400000, 0x0000000762000000| Complete 
|1414|0x0000000762400000, 0x0000000762400000, 0x0000000762800000|  0%| F|  |TAMS 0x0000000762400000, 0x0000000762400000| Untracked 
|1415|0x0000000762800000, 0x0000000762800000, 0x0000000762c00000|  0%| F|  |TAMS 0x0000000762800000, 0x0000000762800000| Untracked 
|1416|0x0000000762c00000, 0x0000000762c00000, 0x0000000763000000|  0%| F|  |TAMS 0x0000000762c00000, 0x0000000762c00000| Untracked 
|1417|0x0000000763000000, 0x0000000763000000, 0x0000000763400000|  0%| F|  |TAMS 0x0000000763000000, 0x0000000763000000| Untracked 
|1418|0x0000000763400000, 0x0000000763400000, 0x0000000763800000|  0%| F|  |TAMS 0x0000000763400000, 0x0000000763400000| Untracked 
|1419|0x0000000763800000, 0x0000000763800000, 0x0000000763c00000|  0%| F|  |TAMS 0x0000000763800000, 0x0000000763800000| Untracked 
|1420|0x0000000763c00000, 0x0000000763c00000, 0x0000000764000000|  0%| F|  |TAMS 0x0000000763c00000, 0x0000000763c00000| Untracked 
|1421|0x0000000764000000, 0x0000000764400000, 0x0000000764400000|100%|HS|  |TAMS 0x0000000764400000, 0x0000000764000000| Complete 
|1422|0x0000000764400000, 0x0000000764800000, 0x0000000764800000|100%|HC|  |TAMS 0x0000000764800000, 0x0000000764400000| Complete 
|1423|0x0000000764800000, 0x0000000764c00000, 0x0000000764c00000|100%|HC|  |TAMS 0x0000000764c00000, 0x0000000764800000| Complete 
|1424|0x0000000764c00000, 0x0000000765000000, 0x0000000765000000|100%|HC|  |TAMS 0x0000000765000000, 0x0000000764c00000| Complete 
|1425|0x0000000765000000, 0x0000000765400000, 0x0000000765400000|100%|HC|  |TAMS 0x0000000765400000, 0x0000000765000000| Complete 
|1426|0x0000000765400000, 0x0000000765800000, 0x0000000765800000|100%|HC|  |TAMS 0x0000000765800000, 0x0000000765400000| Complete 
|1427|0x0000000765800000, 0x0000000765c00000, 0x0000000765c00000|100%|HC|  |TAMS 0x0000000765c00000, 0x0000000765800000| Complete 
|1428|0x0000000765c00000, 0x0000000766000000, 0x0000000766000000|100%|HC|  |TAMS 0x0000000766000000, 0x0000000765c00000| Complete 
|1429|0x0000000766000000, 0x0000000766400000, 0x0000000766400000|100%|HC|  |TAMS 0x0000000766400000, 0x0000000766000000| Complete 
|1430|0x0000000766400000, 0x0000000766800000, 0x0000000766800000|100%|HS|  |TAMS 0x0000000766800000, 0x0000000766400000| Complete 
|1431|0x0000000766800000, 0x0000000766c00000, 0x0000000766c00000|100%|HC|  |TAMS 0x0000000766c00000, 0x0000000766800000| Complete 
|1432|0x0000000766c00000, 0x0000000767000000, 0x0000000767000000|100%|HC|  |TAMS 0x0000000767000000, 0x0000000766c00000| Complete 
|1433|0x0000000767000000, 0x0000000767400000, 0x0000000767400000|100%|HC|  |TAMS 0x0000000767400000, 0x0000000767000000| Complete 
|1434|0x0000000767400000, 0x0000000767800000, 0x0000000767800000|100%|HC|  |TAMS 0x0000000767800000, 0x0000000767400000| Complete 
|1435|0x0000000767800000, 0x0000000767c00000, 0x0000000767c00000|100%|HS|  |TAMS 0x0000000767c00000, 0x0000000767800000| Complete 
|1436|0x0000000767c00000, 0x0000000768000000, 0x0000000768000000|100%|HC|  |TAMS 0x0000000768000000, 0x0000000767c00000| Complete 
|1437|0x0000000768000000, 0x0000000768400000, 0x0000000768400000|100%|HC|  |TAMS 0x0000000768400000, 0x0000000768000000| Complete 
|1438|0x0000000768400000, 0x0000000768800000, 0x0000000768800000|100%|HS|  |TAMS 0x0000000768800000, 0x0000000768400000| Complete 
|1439|0x0000000768800000, 0x0000000768c00000, 0x0000000768c00000|100%|HC|  |TAMS 0x0000000768c00000, 0x0000000768800000| Complete 
|1440|0x0000000768c00000, 0x0000000769000000, 0x0000000769000000|100%|HC|  |TAMS 0x0000000769000000, 0x0000000768c00000| Complete 
|1441|0x0000000769000000, 0x0000000769400000, 0x0000000769400000|100%|HC|  |TAMS 0x0000000769400000, 0x0000000769000000| Complete 
|1442|0x0000000769400000, 0x0000000769800000, 0x0000000769800000|100%|HC|  |TAMS 0x0000000769800000, 0x0000000769400000| Complete 
|1443|0x0000000769800000, 0x0000000769c00000, 0x0000000769c00000|100%|HC|  |TAMS 0x0000000769c00000, 0x0000000769800000| Complete 
|1444|0x0000000769c00000, 0x000000076a000000, 0x000000076a000000|100%|HC|  |TAMS 0x000000076a000000, 0x0000000769c00000| Complete 
|1445|0x000000076a000000, 0x000000076a400000, 0x000000076a400000|100%|HS|  |TAMS 0x000000076a400000, 0x000000076a000000| Complete 
|1446|0x000000076a400000, 0x000000076a800000, 0x000000076a800000|100%|HC|  |TAMS 0x000000076a800000, 0x000000076a400000| Complete 
|1447|0x000000076a800000, 0x000000076ac00000, 0x000000076ac00000|100%|HC|  |TAMS 0x000000076ac00000, 0x000000076a800000| Complete 
|1448|0x000000076ac00000, 0x000000076b000000, 0x000000076b000000|100%|HS|  |TAMS 0x000000076b000000, 0x000000076ac00000| Complete 
|1449|0x000000076b000000, 0x000000076b400000, 0x000000076b400000|100%|HC|  |TAMS 0x000000076b400000, 0x000000076b000000| Complete 
|1450|0x000000076b400000, 0x000000076b800000, 0x000000076b800000|100%|HC|  |TAMS 0x000000076b800000, 0x000000076b400000| Complete 
|1451|0x000000076b800000, 0x000000076bc00000, 0x000000076bc00000|100%|HC|  |TAMS 0x000000076bc00000, 0x000000076b800000| Complete 
|1452|0x000000076bc00000, 0x000000076c000000, 0x000000076c000000|100%|HC|  |TAMS 0x000000076c000000, 0x000000076bc00000| Complete 
|1453|0x000000076c000000, 0x000000076c400000, 0x000000076c400000|100%| O|  |TAMS 0x000000076c400000, 0x000000076c000000| Updating 
|1454|0x000000076c400000, 0x000000076c800000, 0x000000076c800000|100%| O|  |TAMS 0x000000076c800000, 0x000000076c400000| Untracked 
|1455|0x000000076c800000, 0x000000076cc00000, 0x000000076cc00000|100%| O|  |TAMS 0x000000076cc00000, 0x000000076c800000| Untracked 
|1456|0x000000076cc00000, 0x000000076d000000, 0x000000076d000000|100%| O|  |TAMS 0x000000076d000000, 0x000000076cc00000| Untracked 
|1457|0x000000076d000000, 0x000000076d400000, 0x000000076d400000|100%| O|  |TAMS 0x000000076d400000, 0x000000076d000000| Updating 
|1458|0x000000076d400000, 0x000000076d800000, 0x000000076d800000|100%| O|  |TAMS 0x000000076d800000, 0x000000076d400000| Untracked 
|1459|0x000000076d800000, 0x000000076dc00000, 0x000000076dc00000|100%| O|  |TAMS 0x000000076dc00000, 0x000000076d800000| Untracked 
|1460|0x000000076dc00000, 0x000000076dcdb000, 0x000000076e000000| 21%| O|  |TAMS 0x000000076dcdb000, 0x000000076dc00000| Updating 
|1461|0x000000076e000000, 0x000000076e000000, 0x000000076e400000|  0%| F|  |TAMS 0x000000076e000000, 0x000000076e000000| Untracked 
|1462|0x000000076e400000, 0x000000076e400000, 0x000000076e800000|  0%| F|  |TAMS 0x000000076e400000, 0x000000076e400000| Untracked 
|1463|0x000000076e800000, 0x000000076e800000, 0x000000076ec00000|  0%| F|  |TAMS 0x000000076e800000, 0x000000076e800000| Untracked 
|1464|0x000000076ec00000, 0x000000076ec00000, 0x000000076f000000|  0%| F|  |TAMS 0x000000076ec00000, 0x000000076ec00000| Untracked 
|1465|0x000000076f000000, 0x000000076f000000, 0x000000076f400000|  0%| F|  |TAMS 0x000000076f000000, 0x000000076f000000| Untracked 
|1466|0x000000076f400000, 0x000000076f400000, 0x000000076f800000|  0%| F|  |TAMS 0x000000076f400000, 0x000000076f400000| Untracked 
|1467|0x000000076f800000, 0x000000076fbfaf58, 0x000000076fc00000| 99%| S|CS|TAMS 0x000000076f800000, 0x000000076f800000| Complete 
|1468|0x000000076fc00000, 0x0000000770000000, 0x0000000770000000|100%| S|CS|TAMS 0x000000076fc00000, 0x000000076fc00000| Complete 
|1469|0x0000000770000000, 0x0000000770400000, 0x0000000770400000|100%| S|CS|TAMS 0x0000000770000000, 0x0000000770000000| Complete 
|1470|0x0000000770400000, 0x0000000770600a58, 0x0000000770800000| 50%| E|  |TAMS 0x0000000770400000, 0x0000000770400000| Complete 
|2031|0x00000007fc800000, 0x00000007fcc00000, 0x00000007fcc00000|100%| O|  |TAMS 0x00000007fcc00000, 0x00000007fc800000| Untracked 
|2032|0x00000007fcc00000, 0x00000007fd000000, 0x00000007fd000000|100%| O|  |TAMS 0x00000007fd000000, 0x00000007fcc00000| Untracked 
|2033|0x00000007fd000000, 0x00000007fd400000, 0x00000007fd400000|100%| O|  |TAMS 0x00000007fd400000, 0x00000007fd000000| Untracked 
|2034|0x00000007fd400000, 0x00000007fd800000, 0x00000007fd800000|100%| O|  |TAMS 0x00000007fd800000, 0x00000007fd400000| Untracked 
|2035|0x00000007fd800000, 0x00000007fdc00000, 0x00000007fdc00000|100%| O|  |TAMS 0x00000007fdc00000, 0x00000007fd800000| Untracked 
|2036|0x00000007fdc00000, 0x00000007fe000000, 0x00000007fe000000|100%| O|  |TAMS 0x00000007fe000000, 0x00000007fdc00000| Untracked 
|2037|0x00000007fe000000, 0x00000007fe400000, 0x00000007fe400000|100%| O|  |TAMS 0x00000007fe400000, 0x00000007fe000000| Untracked 
|2038|0x00000007fe400000, 0x00000007fe800000, 0x00000007fe800000|100%| O|  |TAMS 0x00000007fe800000, 0x00000007fe400000| Untracked 
|2039|0x00000007fe800000, 0x00000007fec00000, 0x00000007fec00000|100%| O|  |TAMS 0x00000007fec00000, 0x00000007fe800000| Untracked 
|2040|0x00000007fec00000, 0x00000007ff000000, 0x00000007ff000000|100%| O|  |TAMS 0x00000007ff000000, 0x00000007fec00000| Untracked 
|2041|0x00000007ff000000, 0x00000007ff400000, 0x00000007ff400000|100%| O|  |TAMS 0x00000007ff400000, 0x00000007ff000000| Untracked 
|2042|0x00000007ff400000, 0x00000007ff800000, 0x00000007ff800000|100%| O|  |TAMS 0x00000007ff800000, 0x00000007ff400000| Untracked 
|2043|0x00000007ff800000, 0x00000007ffc00000, 0x00000007ffc00000|100%| O|  |TAMS 0x00000007ffc00000, 0x00000007ff800000| Untracked 
|2044|0x00000007ffc00000, 0x0000000800000000, 0x0000000800000000|100%| O|  |TAMS 0x0000000800000000, 0x00000007ffc00000| Untracked 

Card table byte_map: [0x000001be1dd50000,0x000001be1ed50000] _byte_map_base: 0x000001be1ad4a000

Marking Bits (Prev, Next): (CMBitMap*) 0x000001be054683b0, (CMBitMap*) 0x000001be05468370
 Prev Bits: [0x000001be27d20000, 0x000001be2fcf0000)
 Next Bits: [0x000001be1fd50000, 0x000001be27d20000)

Polling page: 0x000001be03280000

Metaspace:

Usage:
  Non-class:     45.67 MB used.
      Class:      6.28 MB used.
       Both:     51.95 MB used.

Virtual space:
  Non-class space:       48.00 MB reserved,      45.88 MB ( 96%) committed,  6 nodes.
      Class space:        1.00 GB reserved,       6.44 MB ( <1%) committed,  1 nodes.
             Both:        1.05 GB reserved,      52.31 MB (  5%) committed. 

Chunk freelists:
   Non-Class:  2.14 MB
       Class:  1.57 MB
        Both:  3.71 MB

MaxMetaspaceSize: unlimited
CompressedClassSpaceSize: 1.00 GB
Initial GC threshold: 21.00 MB
Current GC threshold: 87.12 MB
CDS: on
MetaspaceReclaimPolicy: balanced
 - commit_granule_bytes: 65536.
 - commit_granule_words: 8192.
 - virtual_space_node_default_size: 1048576.
 - enlarge_chunks_in_place: 1.
 - new_chunks_are_fully_committed: 0.
 - uncommit_free_chunks: 1.
 - use_allocation_guard: 0.
 - handle_deallocations: 1.


Internal statistics:

num_allocs_failed_limit: 3.
num_arena_births: 364.
num_arena_deaths: 2.
num_vsnodes_births: 7.
num_vsnodes_deaths: 0.
num_space_committed: 837.
num_space_uncommitted: 0.
num_chunks_returned_to_freelist: 10.
num_chunks_taken_from_freelist: 1621.
num_chunk_merges: 3.
num_chunk_splits: 1101.
num_chunks_enlarged: 820.
num_purges: 2.
num_inconsistent_stats: 0.

CodeHeap 'non-profiled nmethods': size=119168Kb used=5528Kb max_used=5528Kb free=113639Kb
 bounds [0x000001be14af0000, 0x000001be15060000, 0x000001be1bf50000]
CodeHeap 'profiled nmethods': size=119104Kb used=17165Kb max_used=17165Kb free=101938Kb
 bounds [0x000001be0cf50000, 0x000001be0e020000, 0x000001be143a0000]
CodeHeap 'non-nmethods': size=7488Kb used=1530Kb max_used=3282Kb free=5957Kb
 bounds [0x000001be143a0000, 0x000001be146e0000, 0x000001be14af0000]
 total_blobs=8882 nmethods=7968 adapters=825
 compilation: enabled
              stopped_count=0, restarted_count=0
 full_count=0

Compilation events (20 events):
Event: 36.927 Thread 0x000001be3343d8c0 9534       1       com.aresstack.askai.research.domain.SourceCapture::getCaptureId (5 bytes)
Event: 36.927 Thread 0x000001be3343d8c0 nmethod 9534 0x000001be15054510 code [0x000001be150546a0, 0x000001be15054778]
Event: 36.951 Thread 0x000001be3343d8c0 9535       3       com.aresstack.askai.research.domain.Sentence::<init> (69 bytes)
Event: 36.951 Thread 0x000001be3343d8c0 nmethod 9535 0x000001be0e010c10 code [0x000001be0e010de0, 0x000001be0e011238]
Event: 37.839 Thread 0x000001be3343d8c0 9536       1       com.aresstack.askai.research.domain.Passage::getCaptureId (5 bytes)
Event: 37.840 Thread 0x000001be3343d8c0 nmethod 9536 0x000001be15054810 code [0x000001be150549a0, 0x000001be15054a78]
Event: 40.018 Thread 0x000001be2fff91d0 9537       4       java.util.concurrent.locks.ReentrantLock$Sync::isHeldExclusively (16 bytes)
Event: 40.019 Thread 0x000001be2fff91d0 nmethod 9537 0x000001be15054b10 code [0x000001be15054c80, 0x000001be15054d38]
Event: 41.350 Thread 0x000001be3343d8c0 9538       3       sun.awt.AWTAutoShutdown::notifyToolkitThreadBusy (8 bytes)
Event: 41.350 Thread 0x000001be3343d8c0 nmethod 9538 0x000001be0e011310 code [0x000001be0e0114c0, 0x000001be0e011648]
Event: 41.352 Thread 0x000001be3343d8c0 9539       3       sun.awt.AWTAutoShutdown::notifyToolkitThreadFree (8 bytes)
Event: 41.352 Thread 0x000001be3343d8c0 nmethod 9539 0x000001be0e011710 code [0x000001be0e0118c0, 0x000001be0e011a48]
Event: 41.449 Thread 0x000001be3343d8c0 9540       3       com.aresstack.askai.research.knowledge.processing.FileResearchProjectRepository::split (81 bytes)
Event: 41.449 Thread 0x000001be3343d8c0 nmethod 9540 0x000001be0e011b10 code [0x000001be0e011e20, 0x000001be0e013058]
Event: 41.449 Thread 0x000001be3343d8c0 9541       3       com.aresstack.askai.research.domain.Passage::<init> (138 bytes)
Event: 41.450 Thread 0x000001be3343d8c0 nmethod 9541 0x000001be0e013710 code [0x000001be0e013920, 0x000001be0e0141b8]
Event: 41.506 Thread 0x000001be2fff91d0 9542       4       java.util.Properties::getProperty (50 bytes)
Event: 41.513 Thread 0x000001be2fff91d0 nmethod 9542 0x000001be15054e10 code [0x000001be15054fc0, 0x000001be150556d8]
Event: 42.656 Thread 0x000001be2fff91d0 9543       4       java.util.ArrayList::<init> (63 bytes)
Event: 42.658 Thread 0x000001be2fff91d0 nmethod 9543 0x000001be15055b10 code [0x000001be15055ca0, 0x000001be150560b8]

GC Heap History (20 events):
Event: 32.364 GC heap before
{Heap before GC invocations=55 (full 0):
 garbage-first heap   total 2637824K, used 2580806K [0x0000000600c00000, 0x0000000800000000)
  region size 4096K, 7 young (28672K), 3 survivors (12288K)
 Metaspace       used 53162K, committed 53504K, reserved 1097728K
  class space    used 6422K, committed 6528K, reserved 1048576K
}
Event: 32.367 GC heap after
{Heap after GC invocations=56 (full 0):
 garbage-first heap   total 2637824K, used 1982747K [0x0000000600c00000, 0x0000000800000000)
  region size 4096K, 4 young (16384K), 4 survivors (16384K)
 Metaspace       used 53162K, committed 53504K, reserved 1097728K
  class space    used 6422K, committed 6528K, reserved 1048576K
}
Event: 34.836 GC heap before
{Heap before GC invocations=56 (full 0):
 garbage-first heap   total 3198976K, used 3150107K [0x0000000600c00000, 0x0000000800000000)
  region size 4096K, 7 young (28672K), 4 survivors (16384K)
 Metaspace       used 53162K, committed 53504K, reserved 1097728K
  class space    used 6422K, committed 6528K, reserved 1048576K
}
Event: 34.839 GC heap after
{Heap after GC invocations=57 (full 0):
 garbage-first heap   total 3198976K, used 2874066K [0x0000000600c00000, 0x0000000800000000)
  region size 4096K, 3 young (12288K), 3 survivors (12288K)
 Metaspace       used 53162K, committed 53504K, reserved 1097728K
  class space    used 6422K, committed 6528K, reserved 1048576K
}
Event: 34.844 GC heap before
{Heap before GC invocations=57 (full 0):
 garbage-first heap   total 3198976K, used 2894546K [0x0000000600c00000, 0x0000000800000000)
  region size 4096K, 4 young (16384K), 3 survivors (12288K)
 Metaspace       used 53162K, committed 53504K, reserved 1097728K
  class space    used 6422K, committed 6528K, reserved 1048576K
}
Event: 34.846 GC heap after
{Heap after GC invocations=58 (full 0):
 garbage-first heap   total 3198976K, used 2882195K [0x0000000600c00000, 0x0000000800000000)
  region size 4096K, 3 young (12288K), 3 survivors (12288K)
 Metaspace       used 53162K, committed 53504K, reserved 1097728K
  class space    used 6422K, committed 6528K, reserved 1048576K
}
Event: 36.422 GC heap before
{Heap before GC invocations=59 (full 0):
 garbage-first heap   total 4288512K, used 4221587K [0x0000000600c00000, 0x0000000800000000)
  region size 4096K, 27 young (110592K), 3 survivors (12288K)
 Metaspace       used 53185K, committed 53568K, reserved 1097728K
  class space    used 6425K, committed 6592K, reserved 1048576K
}
Event: 36.433 GC heap after
{Heap after GC invocations=60 (full 0):
 garbage-first heap   total 4304896K, used 2909051K [0x0000000600c00000, 0x0000000800000000)
  region size 4096K, 5 young (20480K), 5 survivors (20480K)
 Metaspace       used 53185K, committed 53568K, reserved 1097728K
  class space    used 6425K, committed 6592K, reserved 1048576K
}
Event: 37.810 GC heap before
{Heap before GC invocations=60 (full 0):
 garbage-first heap   total 4374528K, used 4244347K [0x0000000600c00000, 0x0000000800000000)
  region size 4096K, 39 young (159744K), 5 survivors (20480K)
 Metaspace       used 53192K, committed 53568K, reserved 1097728K
  class space    used 6426K, committed 6592K, reserved 1048576K
}
Event: 37.822 GC heap after
{Heap after GC invocations=61 (full 0):
 garbage-first heap   total 4382720K, used 3368699K [0x0000000600c00000, 0x0000000800000000)
  region size 4096K, 7 young (28672K), 7 survivors (28672K)
 Metaspace       used 53192K, committed 53568K, reserved 1097728K
  class space    used 6426K, committed 6592K, reserved 1048576K
}
Event: 38.486 GC heap before
{Heap before GC invocations=61 (full 0):
 garbage-first heap   total 4382720K, used 3794683K [0x0000000600c00000, 0x0000000800000000)
  region size 4096K, 41 young (167936K), 7 survivors (28672K)
 Metaspace       used 53192K, committed 53568K, reserved 1097728K
  class space    used 6426K, committed 6592K, reserved 1048576K
}
Event: 38.498 GC heap after
{Heap after GC invocations=62 (full 0):
 garbage-first heap   total 4382720K, used 3622527K [0x0000000600c00000, 0x0000000800000000)
  region size 4096K, 10 young (40960K), 10 survivors (40960K)
 Metaspace       used 53192K, committed 53568K, reserved 1097728K
  class space    used 6426K, committed 6592K, reserved 1048576K
}
Event: 38.510 GC heap before
{Heap before GC invocations=62 (full 0):
 garbage-first heap   total 4382720K, used 3626623K [0x0000000600c00000, 0x0000000800000000)
  region size 4096K, 11 young (45056K), 10 survivors (40960K)
 Metaspace       used 53192K, committed 53568K, reserved 1097728K
  class space    used 6426K, committed 6592K, reserved 1048576K
}
Event: 38.514 GC heap after
{Heap after GC invocations=63 (full 0):
 garbage-first heap   total 4382720K, used 3625995K [0x0000000600c00000, 0x0000000800000000)
  region size 4096K, 1 young (4096K), 1 survivors (4096K)
 Metaspace       used 53192K, committed 53568K, reserved 1097728K
  class space    used 6426K, committed 6592K, reserved 1048576K
}
Event: 41.514 GC heap before
{Heap before GC invocations=64 (full 0):
 garbage-first heap   total 6082560K, used 5075979K [0x0000000600c00000, 0x0000000800000000)
  region size 4096K, 53 young (217088K), 1 survivors (4096K)
 Metaspace       used 53196K, committed 53568K, reserved 1097728K
  class space    used 6426K, committed 6592K, reserved 1048576K
}
Event: 41.571 GC heap after
{Heap after GC invocations=65 (full 0):
 garbage-first heap   total 6082560K, used 4851213K [0x0000000600c00000, 0x0000000800000000)
  region size 4096K, 7 young (28672K), 7 survivors (28672K)
 Metaspace       used 53196K, committed 53568K, reserved 1097728K
  class space    used 6426K, committed 6592K, reserved 1048576K
}
Event: 43.271 GC heap before
{Heap before GC invocations=65 (full 0):
 garbage-first heap   total 6082560K, used 6022669K [0x0000000600c00000, 0x0000000800000000)
  region size 4096K, 13 young (53248K), 7 survivors (28672K)
 Metaspace       used 53196K, committed 53568K, reserved 1097728K
  class space    used 6426K, committed 6592K, reserved 1048576K
}
Event: 43.275 GC heap after
{Heap after GC invocations=66 (full 0):
 garbage-first heap   total 6082560K, used 5655044K [0x0000000600c00000, 0x0000000800000000)
  region size 4096K, 4 young (16384K), 4 survivors (16384K)
 Metaspace       used 53196K, committed 53568K, reserved 1097728K
  class space    used 6426K, committed 6592K, reserved 1048576K
}
Event: 43.307 GC heap before
{Heap before GC invocations=66 (full 0):
 garbage-first heap   total 6082560K, used 5667332K [0x0000000600c00000, 0x0000000800000000)
  region size 4096K, 5 young (20480K), 4 survivors (16384K)
 Metaspace       used 53196K, committed 53568K, reserved 1097728K
  class space    used 6426K, committed 6592K, reserved 1048576K
}
Event: 43.309 GC heap after
{Heap after GC invocations=67 (full 0):
 garbage-first heap   total 6082560K, used 5665618K [0x0000000600c00000, 0x0000000800000000)
  region size 4096K, 3 young (12288K), 3 survivors (12288K)
 Metaspace       used 53196K, committed 53568K, reserved 1097728K
  class space    used 6426K, committed 6592K, reserved 1048576K
}

Dll operation events (15 events):
Event: 0.006 Loaded shared library C:\Program Files\Zulu\zulu-17\bin\java.dll
Event: 0.013 Loaded shared library C:\Program Files\Zulu\zulu-17\bin\jsvml.dll
Event: 0.099 Loaded shared library C:\Program Files\Zulu\zulu-17\bin\net.dll
Event: 0.100 Loaded shared library C:\Program Files\Zulu\zulu-17\bin\nio.dll
Event: 0.110 Loaded shared library C:\Program Files\Zulu\zulu-17\bin\zip.dll
Event: 0.139 Loaded shared library C:\Program Files\Zulu\zulu-17\bin\jimage.dll
Event: 0.142 Loaded shared library C:\Program Files\Zulu\zulu-17\bin\awt.dll
Event: 0.236 Loaded shared library C:\Program Files\Zulu\zulu-17\bin\javaaccessbridge.dll
Event: 0.644 Loaded shared library C:\Program Files\Zulu\zulu-17\bin\freetype.dll
Event: 0.645 Loaded shared library C:\Program Files\Zulu\zulu-17\bin\fontmanager.dll
Event: 0.828 Loaded shared library C:\Program Files\Zulu\zulu-17\bin\prefs.dll
Event: 1.856 Loaded shared library C:\Program Files\Zulu\zulu-17\bin\jsound.dll
Event: 24.737 Loaded shared library C:\Program Files\Zulu\zulu-17\bin\sunmscapi.dll
Event: 27.299 Loaded shared library C:\Program Files\Zulu\zulu-17\bin\management.dll
Event: 27.301 Loaded shared library C:\Program Files\Zulu\zulu-17\bin\management_ext.dll

Deoptimization events (20 events):
Event: 29.030 Thread 0x000001be336d6460 DEOPT PACKING pc=0x000001be0e003c57 sp=0x000000bd41dfe140
Event: 29.030 Thread 0x000001be336d6460 DEOPT UNPACKING pc=0x000001be143f7143 sp=0x000000bd41dfd648 mode 0
Event: 29.038 Thread 0x000001be3b3aca90 DEOPT PACKING pc=0x000001be0e001dc8 sp=0x000000bd4c6fef80
Event: 29.038 Thread 0x000001be3b3aca90 DEOPT UNPACKING pc=0x000001be143f7143 sp=0x000000bd4c6fe458 mode 0
Event: 34.784 Thread 0x000001be3b3aca90 DEOPT PACKING pc=0x000001be0d280a76 sp=0x000000bd4c6fedf0
Event: 34.784 Thread 0x000001be3b3aca90 DEOPT UNPACKING pc=0x000001be143f7143 sp=0x000000bd4c6fe300 mode 0
Event: 34.784 Thread 0x000001be3b3aca90 Uncommon trap: trap_request=0xffffff45 fr.pc=0x000001be14d47724 relative=0x00000000000014a4
Event: 34.784 Thread 0x000001be3b3aca90 Uncommon trap: reason=unstable_if action=reinterpret pc=0x000001be14d47724 method=java.util.Properties$LineReader.readLine()I @ 502 c2
Event: 34.785 Thread 0x000001be3b3aca90 DEOPT PACKING pc=0x000001be14d47724 sp=0x000000bd4c6fef70
Event: 34.785 Thread 0x000001be3b3aca90 DEOPT UNPACKING pc=0x000001be143f69a3 sp=0x000000bd4c6fef58 mode 2
Event: 34.827 Thread 0x000001be3b3aca90 DEOPT PACKING pc=0x000001be0e00dc65 sp=0x000000bd4c6fef60
Event: 34.827 Thread 0x000001be3b3aca90 DEOPT UNPACKING pc=0x000001be143f7143 sp=0x000000bd4c6fe450 mode 0
Event: 34.858 Thread 0x000001be336d6460 DEOPT PACKING pc=0x000001be0e00dc65 sp=0x000000bd41dfe140
Event: 34.858 Thread 0x000001be336d6460 DEOPT UNPACKING pc=0x000001be143f7143 sp=0x000000bd41dfd630 mode 0
Event: 35.681 Thread 0x000001be368a2550 DEOPT PACKING pc=0x000001be0de0493c sp=0x000000bd413ff430
Event: 35.681 Thread 0x000001be368a2550 DEOPT UNPACKING pc=0x000001be143f7143 sp=0x000000bd413fe8f0 mode 0
Event: 38.780 Thread 0x000001be3b3afd30 Uncommon trap: trap_request=0xffffff45 fr.pc=0x000001be14f58d20 relative=0x0000000000000280
Event: 38.780 Thread 0x000001be3b3afd30 Uncommon trap: reason=unstable_if action=reinterpret pc=0x000001be14f58d20 method=java.nio.channels.spi.AbstractInterruptibleChannel.end(Z)V @ 34 c2
Event: 38.780 Thread 0x000001be3b3afd30 DEOPT PACKING pc=0x000001be14f58d20 sp=0x000000bd411fee20
Event: 38.780 Thread 0x000001be3b3afd30 DEOPT UNPACKING pc=0x000001be143f69a3 sp=0x000000bd411fedf8 mode 2

Classes unloaded (5 events):
Event: 29.428 Thread 0x000001be2ffd6f00 Unloading class 0x0000000801044a00 'com/aresstack/askai/research/mcp/ResearchBotSessionDirectory'
Event: 29.428 Thread 0x000001be2ffd6f00 Unloading class 0x0000000801044800 'com/aresstack/askai/research/connector/ChatGptConnectorServer$ToolProvider'
Event: 29.428 Thread 0x000001be2ffd6f00 Unloading class 0x0000000800f1c480 'com/aresstack/askai/research/connector/ChatGptConnectorRuntime'
Event: 29.428 Thread 0x000001be2ffd6f00 Unloading class 0x0000000800f1c228 'com/aresstack/askai/research/plugin/ResearchAgentPluginExtension'
Event: 29.428 Thread 0x000001be2ffd6f00 Unloading class 0x0000000800f1c000 'com/aresstack/askai/research/plugin/ResearchPlugin'

Classes redefined (0 events):
No events

Internal exceptions (20 events):
Event: 27.364 Thread 0x000001be336d6460 Exception <a 'java/lang/NoSuchMethodError'{0x0000000616ac60b8}: 'java.lang.Object java.lang.invoke.DirectMethodHandle$Holder.invokeStaticInit(java.lang.Object, java.lang.Object, java.lang.Object, java.lang.Object)'> (0x0000000616ac60b8) 
thrown [s\src\hotspot\share\interpreter\linkResolver.cpp, line 759]
Event: 27.373 Thread 0x000001be336d6460 Exception <a 'java/lang/NoSuchMethodError'{0x0000000616b396f8}: 'java.lang.Object java.lang.invoke.DirectMethodHandle$Holder.invokeVirtual(java.lang.Object, java.lang.Object, java.lang.Object, java.lang.Object)'> (0x0000000616b396f8) 
thrown [s\src\hotspot\share\interpreter\linkResolver.cpp, line 759]
Event: 27.400 Thread 0x000001be336d6460 Exception <a 'java/lang/NoSuchMethodError'{0x00000006164ad2d0}: 'java.lang.Object java.lang.invoke.DirectMethodHandle$Holder.invokeInterface(java.lang.Object, java.lang.Object, java.lang.Object, java.lang.Object)'> (0x00000006164ad2d0) 
thrown [s\src\hotspot\share\interpreter\linkResolver.cpp, line 759]
Event: 27.400 Thread 0x000001be336d6460 Exception <a 'java/lang/IncompatibleClassChangeError'{0x00000006164b0d08}: Found class java.lang.Object, but interface was expected> (0x00000006164b0d08) 
thrown [s\src\hotspot\share\interpreter\linkResolver.cpp, line 826]
Event: 27.401 Thread 0x000001be336d6460 Exception <a 'java/lang/IncompatibleClassChangeError'{0x00000006164b69e0}: Found class java.lang.Object, but interface was expected> (0x00000006164b69e0) 
thrown [s\src\hotspot\share\interpreter\linkResolver.cpp, line 826]
Event: 27.405 Thread 0x000001be336d6460 Exception <a 'java/lang/NoSuchMethodError'{0x00000006164d98e0}: 'long java.lang.invoke.DirectMethodHandle$Holder.invokeStatic(java.lang.Object, java.lang.Object)'> (0x00000006164d98e0) 
thrown [s\src\hotspot\share\interpreter\linkResolver.cpp, line 759]
Event: 27.760 Thread 0x000001be336d6460 Exception <a 'java/lang/NoSuchMethodError'{0x0000000613c5c7d0}: 'int java.lang.invoke.DirectMethodHandle$Holder.invokeStatic(java.lang.Object)'> (0x0000000613c5c7d0) 
thrown [s\src\hotspot\share\interpreter\linkResolver.cpp, line 759]
Event: 27.760 Thread 0x000001be336d6460 Exception <a 'java/lang/NoSuchMethodError'{0x0000000613c5ff28}: 'int java.lang.invoke.DirectMethodHandle$Holder.invokeStaticInit(java.lang.Object)'> (0x0000000613c5ff28) 
thrown [s\src\hotspot\share\interpreter\linkResolver.cpp, line 759]
Event: 27.833 Thread 0x000001be336d6460 Exception <a 'java/lang/NoSuchMethodError'{0x0000000613a2c2f8}: 'java.lang.Object java.lang.invoke.DirectMethodHandle$Holder.invokeSpecial(java.lang.Object, java.lang.Object, java.lang.Object, java.lang.Object, int, java.lang.Object)'> (0x0000000613a2c2f8) 
thrown [s\src\hotspot\share\interpreter\linkResolver.cpp, line 759]
Event: 27.834 Thread 0x000001be336d6460 Exception <a 'java/lang/NoSuchMethodError'{0x0000000613a341f0}: 'java.lang.Object java.lang.invoke.DirectMethodHandle$Holder.newInvokeSpecial(java.lang.Object, java.lang.Object, java.lang.Object, java.lang.Object, int)'> (0x0000000613a341f0) 
thrown [s\src\hotspot\share\interpreter\linkResolver.cpp, line 759]
Event: 27.834 Thread 0x000001be336d6460 Exception <a 'java/lang/NoSuchMethodError'{0x0000000613a38528}: 'java.lang.Object java.lang.invoke.DirectMethodHandle$Holder.invokeSpecial(java.lang.Object, java.lang.Object, java.lang.Object, java.lang.Object, java.lang.Object, int)'> (0x0000000613a38528) 
thrown [s\src\hotspot\share\interpreter\linkResolver.cpp, line 759]
Event: 27.834 Thread 0x000001be336d6460 Exception <a 'java/lang/NoSuchMethodError'{0x0000000613a3c210}: 'java.lang.Object java.lang.invoke.Invokers$Holder.linkToTargetMethod(java.lang.Object, java.lang.Object, java.lang.Object, int, java.lang.Object)'> (0x0000000613a3c210) 
thrown [s\src\hotspot\share\interpreter\linkResolver.cpp, line 759]
Event: 27.966 Thread 0x000001be3b3aca90 Exception <a 'sun/nio/fs/WindowsException'{0x00000006133d22a8}> (0x00000006133d22a8) 
thrown [s\src\hotspot\share\prims\jni.cpp, line 516]
Event: 28.031 Thread 0x000001be336d6460 Exception <a 'java/lang/IncompatibleClassChangeError'{0x0000000612900d08}: Found class java.lang.Object, but interface was expected> (0x0000000612900d08) 
thrown [s\src\hotspot\share\interpreter\linkResolver.cpp, line 826]
Event: 28.032 Thread 0x000001be336d6460 Exception <a 'java/lang/NoSuchMethodError'{0x000000061290da90}: 'void java.lang.invoke.DirectMethodHandle$Holder.invokeSpecial(java.lang.Object, java.lang.Object, java.lang.Object, java.lang.Object, java.lang.Object, java.lang.Object, java.lang.Object)'> (0x000000061290da90) 
thrown [s\src\hotspot\share\interpreter\linkResolver.cpp, line 759]
Event: 28.032 Thread 0x000001be336d6460 Exception <a 'java/lang/NoSuchMethodError'{0x0000000612b77ed0}: 'java.lang.Object java.lang.invoke.DirectMethodHandle$Holder.newInvokeSpecial(java.lang.Object, java.lang.Object, java.lang.Object, java.lang.Object, java.lang.Object, java.lang.Object)'> (0x0000000612b77ed0) 
thrown [s\src\hotspot\share\interpreter\linkResolver.cpp, line 759]
Event: 28.766 Thread 0x000001be3b3ad9c0 Exception <a 'java/lang/NoSuchMethodError'{0x0000000628ef5098}: 'void java.lang.invoke.DirectMethodHandle$Holder.invokeStaticInit(java.lang.Object, long)'> (0x0000000628ef5098) 
thrown [s\src\hotspot\share\interpreter\linkResolver.cpp, line 759]
Event: 28.799 Thread 0x000001be3b3b1170 Exception <a 'java/lang/NoSuchMethodError'{0x0000000628fa02e8}: 'java.lang.Object java.lang.invoke.DirectMethodHandle$Holder.invokeInterface(java.lang.Object, java.lang.Object, java.lang.Object)'> (0x0000000628fa02e8) 
thrown [s\src\hotspot\share\interpreter\linkResolver.cpp, line 759]
Event: 28.869 Thread 0x000001be3b3ae3e0 Exception <a 'java/lang/NoSuchMethodError'{0x00000006288385a8}: 'void java.lang.invoke.DirectMethodHandle$Holder.invokeStatic(java.lang.Object, java.lang.Object, java.lang.Object, java.lang.Object, java.lang.Object, java.lang.Object)'> (0x00000006288385a8) 
thrown [s\src\hotspot\share\interpreter\linkResolver.cpp, line 759]
Event: 28.929 Thread 0x000001be3b3b2ac0 Implicit null exception at 0x000001be15026d70 to 0x000001be15026fd0

VM Operations (20 events):
Event: 37.822 Executing VM operation: G1CollectForAllocation done
Event: 38.486 Executing VM operation: G1TryInitiateConcMark
Event: 38.498 Executing VM operation: G1TryInitiateConcMark done
Event: 38.509 Executing VM operation: G1TryInitiateConcMark
Event: 38.514 Executing VM operation: G1TryInitiateConcMark done
Event: 38.530 Executing VM operation: G1Concurrent
Event: 38.539 Executing VM operation: G1Concurrent done
Event: 38.546 Executing VM operation: G1Concurrent
Event: 38.547 Executing VM operation: G1Concurrent done
Event: 39.547 Executing VM operation: Cleanup
Event: 39.547 Executing VM operation: Cleanup done
Event: 40.550 Executing VM operation: Cleanup
Event: 40.550 Executing VM operation: Cleanup done
Event: 41.513 Executing VM operation: G1CollectForAllocation
Event: 41.571 Executing VM operation: G1CollectForAllocation done
Event: 43.271 Executing VM operation: G1CollectForAllocation
Event: 43.275 Executing VM operation: G1CollectForAllocation done
Event: 43.307 Executing VM operation: G1TryInitiateConcMark
Event: 43.309 Executing VM operation: G1TryInitiateConcMark done
Event: 43.326 Executing VM operation: G1Concurrent

Events (20 events):
Event: 28.782 Thread 0x000001be3b3b3f00 Thread added: 0x000001be3b3b3f00
Event: 28.795 Thread 0x000001be3b3b1170 Thread added: 0x000001be3b3b1170
Event: 28.866 Thread 0x000001be3b3ae3e0 Thread added: 0x000001be3b3ae3e0
Event: 28.922 Thread 0x000001be3b3ae8f0 Thread added: 0x000001be3b3ae8f0
Event: 28.928 loading class jdk/internal/vm/annotation/IntrinsicCandidate
Event: 28.928 loading class jdk/internal/vm/annotation/IntrinsicCandidate done
Event: 28.976 Thread 0x000001be3b3b4410 Thread added: 0x000001be3b3b4410
Event: 30.953 Thread 0x000001be3d4b1aa0 Thread exited: 0x000001be3d4b1aa0
Event: 31.034 Thread 0x000001be3d4b1ff0 Thread exited: 0x000001be3d4b1ff0
Event: 31.894 Thread 0x000001be36441210 Thread exited: 0x000001be36441210
Event: 32.136 Thread 0x000001be2ffca4e0 Thread exited: 0x000001be2ffca4e0
Event: 32.136 Thread 0x000001be386525d0 Thread exited: 0x000001be386525d0
Event: 35.962 loading class sun/security/ssl/Alert
Event: 35.962 loading class sun/security/ssl/Alert done
Event: 35.962 loading class sun/security/ssl/Alert$AlertConsumer
Event: 35.962 loading class sun/security/ssl/Alert$AlertConsumer done
Event: 35.962 loading class sun/security/ssl/Alert$Level
Event: 35.963 loading class sun/security/ssl/Alert$Level done
Event: 36.032 Thread 0x000001be3689d960 Thread exited: 0x000001be3689d960
Event: 38.779 Thread 0x000001be3b3afd30 Thread added: 0x000001be3b3afd30


Dynamic libraries:
0x00007ff7b4c20000 - 0x00007ff7b4c2e000 	C:\Program Files\Zulu\zulu-17\bin\java.exe
0x00007ff947f10000 - 0x00007ff948128000 	C:\WINDOWS\SYSTEM32\ntdll.dll
0x00007ff947770000 - 0x00007ff947834000 	C:\WINDOWS\System32\KERNEL32.DLL
0x00007ff945300000 - 0x00007ff9456d3000 	C:\WINDOWS\System32\KERNELBASE.dll
0x00007ff9451e0000 - 0x00007ff9452f1000 	C:\WINDOWS\System32\ucrtbase.dll
0x00007ff908260000 - 0x00007ff90827b000 	C:\Program Files\Zulu\zulu-17\bin\VCRUNTIME140.dll
0x00007ff913ba0000 - 0x00007ff913bb8000 	C:\Program Files\Zulu\zulu-17\bin\jli.dll
0x00007ff945bb0000 - 0x00007ff945d62000 	C:\WINDOWS\System32\USER32.dll
0x00007ff945b80000 - 0x00007ff945ba6000 	C:\WINDOWS\System32\win32u.dll
0x00007ff927040000 - 0x00007ff9272dc000 	C:\WINDOWS\WinSxS\amd64_microsoft.windows.common-controls_6595b64144ccf1df_6.0.22621.6060_none_2712eda17382d24b\COMCTL32.dll
0x00007ff945e60000 - 0x00007ff945e89000 	C:\WINDOWS\System32\GDI32.dll
0x00007ff9464a0000 - 0x00007ff946547000 	C:\WINDOWS\System32\msvcrt.dll
0x00007ff9456e0000 - 0x00007ff9457fb000 	C:\WINDOWS\System32\gdi32full.dll
0x00007ff945800000 - 0x00007ff94589a000 	C:\WINDOWS\System32\msvcp_win.dll
0x00007ff9466f0000 - 0x00007ff946721000 	C:\WINDOWS\System32\IMM32.DLL
0x00007ff9111e0000 - 0x00007ff9111ec000 	C:\Program Files\Zulu\zulu-17\bin\vcruntime140_1.dll
0x00007ff8d9e70000 - 0x00007ff8d9efd000 	C:\Program Files\Zulu\zulu-17\bin\msvcp140.dll
0x00007ff8c8c00000 - 0x00007ff8c9865000 	C:\Program Files\Zulu\zulu-17\bin\server\jvm.dll
0x00007ff947c60000 - 0x00007ff947d11000 	C:\WINDOWS\System32\ADVAPI32.dll
0x00007ff946640000 - 0x00007ff9466e8000 	C:\WINDOWS\System32\sechost.dll
0x00007ff945a10000 - 0x00007ff945a38000 	C:\WINDOWS\System32\bcrypt.dll
0x00007ff946370000 - 0x00007ff946488000 	C:\WINDOWS\System32\RPCRT4.dll
0x00007ff923d60000 - 0x00007ff923d69000 	C:\WINDOWS\SYSTEM32\WSOCK32.dll
0x00007ff932b80000 - 0x00007ff932bb4000 	C:\WINDOWS\SYSTEM32\WINMM.dll
0x00007ff93b950000 - 0x00007ff93b95a000 	C:\WINDOWS\SYSTEM32\VERSION.dll
0x00007ff947be0000 - 0x00007ff947c51000 	C:\WINDOWS\System32\WS2_32.dll
0x00007ff943fc0000 - 0x00007ff943fd8000 	C:\WINDOWS\SYSTEM32\kernel.appcore.dll
0x00007ff90dbb0000 - 0x00007ff90dbba000 	C:\Program Files\Zulu\zulu-17\bin\jimage.dll
0x00007ff92adc0000 - 0x00007ff92aff3000 	C:\WINDOWS\SYSTEM32\DBGHELP.DLL
0x00007ff945fd0000 - 0x00007ff946361000 	C:\WINDOWS\System32\combase.dll
0x00007ff946550000 - 0x00007ff946628000 	C:\WINDOWS\System32\OLEAUT32.dll
0x00007ff92a4c0000 - 0x00007ff92a4f2000 	C:\WINDOWS\SYSTEM32\dbgcore.DLL
0x00007ff945020000 - 0x00007ff94509b000 	C:\WINDOWS\System32\bcryptPrimitives.dll
0x00007ff8fe440000 - 0x00007ff8fe465000 	C:\Program Files\Zulu\zulu-17\bin\java.dll
0x00007ff8d3b50000 - 0x00007ff8d3c27000 	C:\Program Files\Zulu\zulu-17\bin\jsvml.dll
0x00007ff946be0000 - 0x00007ff94747c000 	C:\WINDOWS\System32\SHELL32.dll
0x00007ff9450a0000 - 0x00007ff9451df000 	C:\WINDOWS\System32\wintypes.dll
0x00007ff942ed0000 - 0x00007ff9437ea000 	C:\WINDOWS\SYSTEM32\windows.storage.dll
0x00007ff947840000 - 0x00007ff947944000 	C:\WINDOWS\System32\SHCORE.dll
0x00007ff947b70000 - 0x00007ff947bd9000 	C:\WINDOWS\System32\shlwapi.dll
0x00007ff944f50000 - 0x00007ff944f75000 	C:\WINDOWS\SYSTEM32\profapi.dll
0x00007ff908040000 - 0x00007ff908059000 	C:\Program Files\Zulu\zulu-17\bin\net.dll
0x00007ff93ca50000 - 0x00007ff93cb7c000 	C:\WINDOWS\SYSTEM32\WINHTTP.dll
0x00007ff944480000 - 0x00007ff9444e9000 	C:\WINDOWS\system32\mswsock.dll
0x00007ff9071d0000 - 0x00007ff9071e6000 	C:\Program Files\Zulu\zulu-17\bin\nio.dll
0x00007ff9056b0000 - 0x00007ff9056c8000 	C:\Program Files\Zulu\zulu-17\bin\zip.dll
0x00007ff9062b0000 - 0x00007ff90643f000 	C:\Program Files\Zulu\zulu-17\bin\awt.dll
0x00007ff942390000 - 0x00007ff942427000 	C:\WINDOWS\SYSTEM32\apphelp.dll
0x00007ff942610000 - 0x00007ff9426c3000 	C:\WINDOWS\system32\uxtheme.dll
0x00007ff947d20000 - 0x00007ff947e80000 	C:\WINDOWS\System32\MSCTF.dll
0x00007ff947950000 - 0x00007ff947af1000 	C:\WINDOWS\System32\ole32.dll
0x00007ff9273a0000 - 0x00007ff9273ed000 	C:\Program Files\Zulu\zulu-17\bin\javaaccessbridge.dll
0x00007ff93a730000 - 0x00007ff93a737000 	C:\Program Files\Zulu\zulu-17\bin\jawt.dll
0x00007ff942950000 - 0x00007ff94297b000 	C:\WINDOWS\system32\DWMAPI.DLL
0x00007ff8d3540000 - 0x00007ff8d3640000 	C:\WINDOWS\system32\opengl32.dll
0x00007ff8d3510000 - 0x00007ff8d353d000 	C:\WINDOWS\SYSTEM32\GLU32.dll
0x00007ff942700000 - 0x00007ff942737000 	C:\WINDOWS\SYSTEM32\dxcore.dll
0x00007ff913a00000 - 0x00007ff913a86000 	C:\Program Files\Zulu\zulu-17\bin\freetype.dll
0x00007ff90b0c0000 - 0x00007ff90b185000 	C:\Program Files\Zulu\zulu-17\bin\fontmanager.dll
0x00007ff933030000 - 0x00007ff933039000 	C:\Program Files\Zulu\zulu-17\bin\prefs.dll
0x00007ff943a90000 - 0x00007ff943abd000 	C:\WINDOWS\SYSTEM32\IPHLPAPI.DLL
0x00007ff946bd0000 - 0x00007ff946bd9000 	C:\WINDOWS\System32\NSI.dll
0x00007ff93c640000 - 0x00007ff93c659000 	C:\WINDOWS\SYSTEM32\dhcpcsvc6.DLL
0x00007ff93c620000 - 0x00007ff93c63f000 	C:\WINDOWS\SYSTEM32\dhcpcsvc.DLL
0x00007ff943ac0000 - 0x00007ff943bb8000 	C:\WINDOWS\SYSTEM32\DNSAPI.dll
0x00007ff927380000 - 0x00007ff927392000 	C:\Program Files\Zulu\zulu-17\bin\jsound.dll
0x00007ff8ec210000 - 0x00007ff8ec2b2000 	C:\WINDOWS\SYSTEM32\DSOUND.dll
0x00007ff8ebde0000 - 0x00007ff8ebe91000 	C:\WINDOWS\SYSTEM32\ResampleDmo.DLL
0x00007ff9449a0000 - 0x00007ff9449ed000 	C:\WINDOWS\SYSTEM32\powrprof.dll
0x00007ff921100000 - 0x00007ff921129000 	C:\WINDOWS\SYSTEM32\winmmbase.dll
0x00007ff9402b0000 - 0x00007ff9402bb000 	C:\WINDOWS\SYSTEM32\msdmo.dll
0x00007ff944950000 - 0x00007ff944963000 	C:\WINDOWS\SYSTEM32\UMPDC.dll
0x00007ff945f20000 - 0x00007ff945fd0000 	C:\WINDOWS\System32\clbcatq.dll
0x00007ff9331c0000 - 0x00007ff93325c000 	C:\WINDOWS\System32\MMDevApi.dll
0x00007ff944ce0000 - 0x00007ff944d0c000 	C:\WINDOWS\System32\DEVOBJ.dll
0x00007ff944d10000 - 0x00007ff944d5e000 	C:\WINDOWS\SYSTEM32\cfgmgr32.dll
0x00007ff8f5940000 - 0x00007ff8f5986000 	C:\WINDOWS\SYSTEM32\wdmaud.drv
0x00007ff9090a0000 - 0x00007ff9090a9000 	C:\WINDOWS\SYSTEM32\ksuser.dll
0x00007ff93f9d0000 - 0x00007ff93f9db000 	C:\WINDOWS\SYSTEM32\AVRT.dll
0x00007ff918480000 - 0x00007ff91866e000 	C:\WINDOWS\SYSTEM32\AUDIOSES.DLL
0x00007ff907470000 - 0x00007ff90747e000 	C:\WINDOWS\SYSTEM32\msacm32.drv
0x00007ff8f7200000 - 0x00007ff8f721e000 	C:\WINDOWS\SYSTEM32\MSACM32.dll
0x00007ff8fe770000 - 0x00007ff8fe77b000 	C:\WINDOWS\SYSTEM32\midimap.dll
0x00007ff9447d0000 - 0x00007ff9447eb000 	C:\WINDOWS\SYSTEM32\CRYPTSP.dll
0x00007ff943f20000 - 0x00007ff943f57000 	C:\WINDOWS\system32\rsaenh.dll
0x00007ff944520000 - 0x00007ff944548000 	C:\WINDOWS\SYSTEM32\USERENV.dll
0x00007ff9447b0000 - 0x00007ff9447bc000 	C:\WINDOWS\SYSTEM32\CRYPTBASE.dll
0x00007ff9076d0000 - 0x00007ff9076de000 	C:\Program Files\Zulu\zulu-17\bin\sunmscapi.dll
0x00007ff9458a0000 - 0x00007ff945a08000 	C:\WINDOWS\System32\CRYPT32.dll
0x00007ff944970000 - 0x00007ff94499e000 	C:\WINDOWS\SYSTEM32\ncrypt.dll
0x00007ff944910000 - 0x00007ff944947000 	C:\WINDOWS\SYSTEM32\NTASN1.dll
0x00007ff944cc0000 - 0x00007ff944cd2000 	C:\WINDOWS\SYSTEM32\MSASN1.dll
0x00007ff9444f0000 - 0x00007ff944516000 	C:\WINDOWS\SYSTEM32\gpapi.dll
0x00007ff9332e0000 - 0x00007ff93334a000 	C:\WINDOWS\system32\ncryptprov.dll
0x00007ff942450000 - 0x00007ff942602000 	C:\WINDOWS\SYSTEM32\WindowsCodecs.dll
0x00007ff90dc70000 - 0x00007ff90dcce000 	C:\WINDOWS\system32\dataexchange.dll
0x00007ff93c750000 - 0x00007ff93c9f6000 	C:\WINDOWS\system32\twinapi.appcore.dll
0x00007ff928fc0000 - 0x00007ff929105000 	C:\WINDOWS\SYSTEM32\textinputframework.dll
0x00007ff934210000 - 0x00007ff93421a000 	C:\Windows\System32\rasadhlp.dll
0x00007ff93bb90000 - 0x00007ff93bc14000 	C:\WINDOWS\System32\fwpuclnt.dll
0x00007ff9420a0000 - 0x00007ff9421d3000 	C:\WINDOWS\SYSTEM32\CoreMessaging.dll
0x00007ff93f0f0000 - 0x00007ff93f45c000 	C:\WINDOWS\SYSTEM32\CoreUIComponents.dll
0x00007ff8df9f0000 - 0x00007ff8dfa1b000 	C:\Windows\System32\Speech\SpeechUX\SpTip.dll
0x00007ff884200000 - 0x00007ff884208000 	C:\WINDOWS\system32\wshunix.dll
0x00007ff90d960000 - 0x00007ff90d969000 	C:\Program Files\Zulu\zulu-17\bin\management.dll
0x00007ff908ca0000 - 0x00007ff908cab000 	C:\Program Files\Zulu\zulu-17\bin\management_ext.dll
0x00007ff946630000 - 0x00007ff946638000 	C:\WINDOWS\System32\PSAPI.DLL
0x00007ff916580000 - 0x00007ff916597000 	C:\WINDOWS\system32\napinsp.dll
0x00007ff916560000 - 0x00007ff91657b000 	C:\WINDOWS\system32\pnrpnsp.dll
0x00007ff916540000 - 0x00007ff916551000 	C:\WINDOWS\System32\winrnr.dll
0x00007ff916520000 - 0x00007ff916535000 	C:\WINDOWS\system32\wshbth.dll
0x00007ff9164f0000 - 0x00007ff916511000 	C:\WINDOWS\system32\nlansp_c.dll

dbghelp: loaded successfully - version: 4.0.5 - missing functions: none
symbol engine: initialized successfully - sym options: 0x614 - pdb path: .;C:\Program Files\Zulu\zulu-17\bin;C:\WINDOWS\SYSTEM32;C:\WINDOWS\WinSxS\amd64_microsoft.windows.common-controls_6595b64144ccf1df_6.0.22621.6060_none_2712eda17382d24b;C:\Program Files\Zulu\zulu-17\bin\server;C:\Windows\System32\Speech\SpeechUX

VM Arguments:
jvm_args: -Daskai.devPluginRun.lock=C:\Projects\askai-java8\build\dev-plugin-runs\1788113316126\.run.lock -Daskai.local.runtime.dir=C:\Projects\askai-java8\build\local-runtime -Daskai.local.runtime.java=C:\Users\angel\.jdks\azul-21.0.1\bin\java.exe -Daskai.pluginsDir=C:\Projects\askai-java8\build\dev-plugin-runs\1788113316126 -Daskai.research.runtime.dir=C:\Projects\askai-java8\build\research-runtime -Dfile.encoding=UTF-8 -Duser.country=DE -Duser.language=de -Duser.variant 
java_command: com.aresstack.askai.java8.AskAiJava8App
java_class_path (initial): C:\Projects\askai-java8\askai-app\build\classes\java\main;C:\Projects\askai-java8\askai-app\build\resources\main;C:\Projects\askai-java8\ollama4j-java8\build\libs\ollama4j-java8-0.1.0.jar;C:\Projects\askai-java8\comic-controls\build\libs\comic-controls-0.1.0.jar;C:\Users\angel\.gradle\caches\modules-2\files-2.1\org.jcodec\jcodec-javase\0.2.5\924491879d101f60f659c0a26562b3c232f1c59d\jcodec-javase-0.2.5.jar;C:\Users\angel\.gradle\caches\modules-2\files-2.1\uk.co.caprica\vlcj\3.12.1\c3b39ff54fb5ace22a4f50a35feaaeba7620c07b\vlcj-3.12.1.jar;C:\Users\angel\.gradle\caches\modules-2\files-2.1\com.aresstack\directml-model-catalog\0.2.1\5e6f45cae13213f7d47bbabf89ebfb3e29eb4b84\directml-model-catalog-0.2.1.jar;C:\Projects\askai-java8\research-text-opennlp\build\libs\research-text-opennlp-0.1.0.jar;C:\Users\angel\.gradle\caches\modules-2\files-2.1\org.apache.opennlp\opennlp-tools\1.9.4\dd5c4a6d82453bcccb78ba4ac90f166366dde12b\opennlp-tools-1.9.4.jar;C:\Projects\askai-java8\agent-model-runtime-api\build\libs\agent-model-runtime-api-0.1.0.jar;C:\Projects\askai-java8\group-chat-jgroups\build\libs\group-chat-jgroups-0.1.0.jar;C:\Projects\askai-java8\group-chat-api\build\libs\group-chat-api-0.1.0.jar;C:\Projects\askai-java8\audio-dsp\build\libs\audio-dsp-0.1.0.jar;C:\Projects\askai-java8\audio-openal\build\libs\audio-openal-0.1.0.jar;C:\Projects\askai-java8\agent-plugin-host\build\libs\agent-plugin-host-0.1.0.jar;C:\Projects\askai-java8\mcp-solon-runtime\build\libs\mcp-solon-runtime-0.1.0.jar;C:\Projects\askai-java8\mcp-runtime-api\build\libs\mcp-runtime-api-0.1.0.jar;C:\Projects\askai-java8\acp-solon-client\build\libs\acp-solon-client-0.1.0.jar;C:\Projects\askai-java8\acp-client-api\build\libs\acp-client-api-0.1.0.jar;C:\Users\angel\.gradle\caches\modules-2\files-2.1\com.aresstack\win-proxy-java\0.1.0-beta.4\6990e0ebc25ae3f02aeb94000a4fe2cd45466771\win-proxy-java-0.1.0-beta.4.jar;C:\Users\angel\.gradle\caches\modules-2\files-2.1\org.jodd\jodd-lagarto\6.
Launcher Type: SUN_STANDARD

[Global flags]
     intx CICompilerCount                          = 12                                        {product} {ergonomic}
     uint ConcGCThreads                            = 5                                         {product} {ergonomic}
     uint G1ConcRefinementThreads                  = 18                                        {product} {ergonomic}
   size_t G1HeapRegionSize                         = 4194304                                   {product} {ergonomic}
    uintx GCDrainStackTargetSize                   = 64                                        {product} {ergonomic}
   size_t InitialHeapSize                          = 536870912                                 {product} {ergonomic}
   size_t MarkStackSize                            = 4194304                                   {product} {ergonomic}
   size_t MaxHeapSize                              = 8577351680                                {product} {ergonomic}
   size_t MaxNewSize                               = 5146411008                                {product} {ergonomic}
   size_t MinHeapDeltaBytes                        = 4194304                                   {product} {ergonomic}
   size_t MinHeapSize                              = 8388608                                   {product} {ergonomic}
    uintx NonNMethodCodeHeapSize                   = 7602480                                {pd product} {ergonomic}
    uintx NonProfiledCodeHeapSize                  = 122027880                              {pd product} {ergonomic}
    uintx ProfiledCodeHeapSize                     = 122027880                              {pd product} {ergonomic}
    uintx ReservedCodeCacheSize                    = 251658240                              {pd product} {ergonomic}
     bool SegmentedCodeCache                       = true                                      {product} {ergonomic}
   size_t SoftMaxHeapSize                          = 8577351680                             {manageable} {ergonomic}
     bool UseCompressedClassPointers               = true                           {product lp64_product} {ergonomic}
     bool UseCompressedOops                        = true                           {product lp64_product} {ergonomic}
     bool UseG1GC                                  = true                                      {product} {ergonomic}
     bool UseLargePagesIndividualAllocation        = false                                  {pd product} {ergonomic}

Logging:
Log output configuration:
 #0: stdout all=warning uptime,level,tags
 #1: stderr all=off uptime,level,tags

Environment Variables:
JAVA_HOME=C:\Program Files\Zulu\zulu-8
PATH=C:\Program Files\Java\jre1.8.0_481\bin;C:\Program Files (x86)\Common Files\Oracle\Java\java8path;C:\Program Files (x86)\Common Files\Oracle\Java\javapath;C:\Program Files\Microsoft MPI\Bin\;C:\Program Files\Zulu\zulu-8\bin\;C:\Program Files\Zulu\zulu-21\bin\;C:\Program Files\Zulu\zulu-17\bin\;C:\Program Files\Zulu\zulu-11\bin\;C:\Program Files\Zulu\zulu-17\;C:\WINDOWS\system32;C:\WINDOWS;C:\WINDOWS\System32\Wbem;C:\WINDOWS\System32\WindowsPowerShell\v1.0\;C:\Program Files (x86)\ATI Technologies\ATI.ACE\Core-Static;C:\WINDOWS\System32\OpenSSH\;C:\Program Files (x86)\AOMEI Backupper;C:\Program Files (x86)\Graphviz2.38\bin;C:\Program Files\PuTTY\;C:\Program Files\dotnet\;C:\Program Files\Microsoft SQL Server\130\Tools\Binn\;C:\WINDOWS\system32;C:\WINDOWS;C:\WINDOWS\System32\Wbem;C:\WINDOWS\System32\WindowsPowerShell\v1.0\;C:\WINDOWS\System32\OpenSSH\;C:\Program Files\Git\cmd;C:\Program Files\Microsoft SQL Server\150\Tools\Binn\;C:\Program Files\Zulu\zulu-17\\bin\;C:\ProgramData\chocolatey\bin;C:\Program Files\SourceGear\Common\DiffMerge\;C:\Program Files\Amazon\AWSCLIV2\;C:\Program Files\Pandoc\;C:\Program Files (x86)\NVIDIA Corporation\PhysX\Common;C:\Program Files\nodejs\;C:\Program Files\PowerToys\DSCModules\;C:\Program Files\GitHub CLI\;C:\Program Files\NVIDIA Corporation\NVIDIA App\NvDLISR;C:\Users\angel\scoop\shims;C:\Users\angel\AppData\Local\Microsoft\WindowsApps;C:\intelFPGA\16.1\modelsim_ase\win32aloem;C:\intelFPGA_lite\16.1\modelsim_ase\win32aloem;C:\Program Files (x86)\OpenVPN\bin;C:\Users\angel\.dotnet\tools;C:\Users\angel\AppData\Local\GitHubDesktop\bin;C:\Users\angel\AppData\Local\JetBrains\Toolbox\scripts;C:\Users\angel\.dotnet\tools;C:\Users\angel\AppData\Local\Programs\Microsoft VS Code\bin;C:\Users\angel\AppData\Local\Microsoft\WindowsApps;C:\Users\angel\AppData\Local\Programs\Ollama;C:\Program Files\Docker\Docker\resources\bin;C:\msys64\mingw64\bin;C:\Program Files\gradle-8.12\bin;C:\Users\angel\AppData\Roaming\npm;C:\Users\angel\AppData\Local\Mic
USERNAME=angel
OS=Windows_NT
PROCESSOR_IDENTIFIER=AMD64 Family 23 Model 113 Stepping 0, AuthenticAMD
TMP=C:\Users\angel\AppData\Local\Temp
TEMP=C:\Users\angel\AppData\Local\Temp



---------------  S Y S T E M  ---------------

OS:
 Windows 11 , 64 bit Build 22621 (10.0.22621.5415)
OS uptime: 1 days 6:33 hours
Hyper-V role detected

CPU: total 24 (initial active 24) (24 cores per cpu, 2 threads per core) family 23 model 113 stepping 0 microcode 0x0, cx8, cmov, fxsr, ht, mmx, 3dnowpref, sse, sse2, sse3, ssse3, sse4a, sse4.1, sse4.2, popcnt, lzcnt, tsc, tscinvbit, avx, avx2, aes, clmul, bmi1, bmi2, adx, sha, fma, vzeroupper, clflush, clflushopt, hv

Memory: 4k page, system-wide physical 32706M (2104M free)
TotalPageFile size 92064M (AvailPageFile size 27M)
current process WorkingSet (physical memory assigned to process): 5783M, peak: 5783M
current process commit charge ("private bytes"): 8669M, peak: 8704M

vm_info: OpenJDK 64-Bit Server VM (17.0.6+10-LTS) for windows-amd64 JRE (17.0.6+10-LTS) (Zulu17.40+19-CA), built on Jan  4 2023 14:58:55 by "zulu_re" with MS VC++ 16.10 / 16.11 (VS2019)

END.
